клин;;золотой вавилон;;электрозавод;;правоборежный СПб;;Академический СПб;;ленинский СПб;
21.февр.;19;06.окт.;17;14.мая;83;04.мая;340;04.мая;249;04.мая;272
22.февр.;163;08.окт.;1080;15.мая;139;05.мая;352;05.мая;261;05.мая;244
23.февр.;295;09.окт.;735;16.мая;100;06.мая;282;06.мая;428;06.мая;361
24.февр.;396;10.окт.;251;17.мая;131;07.мая;420;07.мая;389;07.мая;247
25.февр.;765;11.окт.;431;18.мая;140;08.мая;296;08.мая;356;08.мая;413
26.февр.;425;12.окт.;400;19.мая;197;09.мая;442;09.мая;285;09.мая;246
27.февр.;232;13.окт.;396;20.мая;200;10.мая;428;10.мая;351;10.мая;283
28.февр.;370;14.окт.;536;21.мая;163;11.мая;362;11.мая;363;11.мая;318
29.февр.;582;15.окт.;1153;22.мая;106;12.мая;294;12.мая;277;12.мая;344
01.марта;424;16.окт.;770;23.мая;191;13.мая;338;13.мая;403;13.мая;186
02.марта;370;17.окт.;379;24.мая;219;14.мая;370;14.мая;342;14.мая;406
03.марта;554;18.окт.;509;25.мая;276;15.мая;428;15.мая;337;15.мая;224
04.марта;587;19.окт.;469;26.мая;238;16.мая;318;16.мая;422;16.мая;390
05.марта;445;20.окт.;257;27.мая;173;17.мая;413;17.мая;402;17.мая;320
06.марта;547;21.окт.;378;28.мая;175;18.мая;316;18.мая;330;18.мая;209
07.марта;890;22.окт.;994;29.мая;214;19.мая;378;19.мая;364;19.мая;210
08.марта;631;23.окт.;729;30.мая;229;20.мая;324;20.мая;409;20.мая;243
09.марта;445;24.окт.;461;31.мая;296;21.мая;404;21.мая;430;21.мая;217
10.марта;516;25.окт.;153;01.июня;222;22.мая;293;22.мая;183;22.мая;322
11.марта;433;26.окт.;415;02.июня;227;23.мая;485;23.мая;512;23.мая;405
12.марта;394;27.окт.;427;03.июня;175;24.мая;529;24.мая;441;24.мая;639
13.марта;297;28.окт.;410;04.июня;80;25.мая;527;25.мая;484;25.мая;511
14.марта;308;29.окт.;1097;05.июня;184;26.мая;374;26.мая;455;26.мая;525
15.марта;448;30.окт.;991;06.июня;197;27.мая;374;27.мая;392;27.мая;295
16.марта;657;31.окт.;259;07.июня;241;28.мая;477;28.мая;320;28.мая;292
17.марта;647;01.нояб.;526;08.июня;174;29.мая;414;29.мая;456;29.мая;401
18.марта;549;02.нояб.;442;09.июня;301;30.мая;450;30.мая;304;30.мая;436
19.марта;417;03.нояб.;540;10.июня;201;31.мая;586;31.мая;405;31.мая;495
20.марта;402;04.нояб.;941;11.июня;179;01.июня;613;01.июня;232;01.июня;466
21.марта;560;05.нояб.;1025;12.июня;133;02.июня;282;02.июня;315;02.июня;284
22.марта;383;06.нояб.;634;13.июня;194;03.июня;453;03.июня;357;03.июня;304
23.марта;372;07.нояб.;452;14.июня;218;04.июня;484;04.июня;305;04.июня;366
24.марта;651;08.нояб.;358;15.июня;411;05.июня;493;05.июня;376;05.июня;316
25.марта;737;09.нояб.;458;16.июня;408;06.июня;340;06.июня;405;06.июня;480
26.марта;377;10.нояб.;578;17.июня;388;07.июня;253;07.июня;270;07.июня;425
27.марта;441;11.нояб.;415;18.июня;282;08.июня;390;08.июня;264;08.июня;368
28.марта;401;12.нояб.;1334;19.июня;199;09.июня;353;09.июня;240;09.июня;286
29.марта;644;13.нояб.;1035;20.июня;305;10.июня;296;10.июня;385;10.июня;352
30.марта;439;14.нояб.;403;21.июня;481;11.июня;354;11.июня;418;11.июня;674
31.марта;539;15.нояб.;466;22.июня;474;12.июня;265;12.июня;479;12.июня;282
01.апр.;698;16.нояб.;346;23.июня;452;13.июня;290;13.июня;306;13.июня;249
02.апр.;343;17.нояб.;583;24.июня;423;14.июня;269;14.июня;369;14.июня;217
03.апр.;525;18.нояб.;667;25.июня;296;15.июня;326;15.июня;404;15.июня;429
04.апр.;411;19.нояб.;1300;26.июня;185;16.июня;345;16.июня;265;16.июня;165
05.апр.;252;20.нояб.;759;27.июня;261;17.июня;436;17.июня;297;17.июня;332
06.апр.;477;21.нояб.;546;28.июня;218;18.июня;328;18.июня;417;18.июня;296
07.апр.;752;22.нояб.;307;29.июня;450;19.июня;287;19.июня;225;19.июня;327
08.апр.;588;23.нояб.;369;30.июня;346;20.июня;1076;20.июня;618;20.июня;855
09.апр.;421;24.нояб.;400;01.июля;276;21.июня;660;21.июня;867;21.июня;886
10.апр.;524;25.нояб.;490;02.июля;259;22.июня;768;22.июня;715;22.июня;815
11.апр.;533;26.нояб.;1115;03.июля;226;23.июня;728;23.июня;360;23.июня;546
12.апр.;330;27.нояб.;816;04.июля;234;24.июня;757;24.июня;625;24.июня;596
13.апр.;488;28.нояб.;417;05.июля;349;25.июня;729;25.июня;538;25.июня;412
14.апр.;685;29.нояб.;255;06.июля;421;26.июня;672;26.июня;810;26.июня;837
15.апр.;387;30.нояб.;432;07.июля;348;27.июня;652;27.июня;566;27.июня;654
16.апр.;389;01.дек.;637;08.июля;404;28.июня;738;28.июня;553;28.июня;790
17.апр.;485;02.дек.;522;09.июля;330;29.июня;665;29.июня;803;29.июня;663
18.апр.;411;03.дек.;1364;10.июля;187;30.июня;592;30.июня;636;30.июня;475
19.апр.;455;04.дек.;1087;11.июля;370;01.июля;700;01.июля;692;01.июля;475
20.апр.;408;05.дек.;763;12.июля;374;02.июля;632;02.июля;590;02.июля;404
21.апр.;431;06.дек.;581;13.июля;349;03.июля;594;03.июля;464;03.июля;506
22.апр.;505;07.дек.;588;14.июля;255;04.июля;530;04.июля;445;04.июля;491
23.апр.;277;08.дек.;468;15.июля;414;05.июля;462;05.июля;644;05.июля;470
24.апр.;243;09.дек.;749;16.июля;204;06.июля;905;06.июля;653;06.июля;538
25.апр.;295;10.дек.;1207;17.июля;161;07.июля;485;07.июля;532;07.июля;384
26.апр.;310;11.дек.;1500;18.июля;387;08.июля;587;08.июля;378;08.июля;598
27.апр.;328;12.дек.;661;19.июля;407;09.июля;445;09.июля;595;09.июля;471
28.апр.;488;13.дек.;630;20.июля;375;10.июля;555;10.июля;481;10.июля;610
29.апр.;523;14.дек.;629;21.июля;541;11.июля;566;11.июля;553;11.июля;550
30.апр.;351;15.дек.;811;22.июля;361;12.июля;811;12.июля;630;12.июля;533
01.мая;190;16.дек.;847;23.июля;298;13.июля;540;13.июля;463;13.июля;454
02.мая;416;17.дек.;1824;24.июля;145;14.июля;449;14.июля;291;14.июля;365
03.мая;350;18.дек.;1762;25.июля;279;15.июля;496;15.июля;390;15.июля;557
04.мая;458;19.дек.;734;26.июля;507;16.июля;446;16.июля;449;16.июля;592
05.мая;419;20.дек.;944;27.июля;349;17.июля;712;17.июля;413;17.июля;555
06.мая;633;21.дек.;732;28.июля;453;18.июля;777;18.июля;429;18.июля;569
07.мая;445;22.дек.;671;29.июля;378;19.июля;679;19.июля;748;19.июля;421
08.мая;440;23.дек.;1337;30.июля;198;20.июля;446;20.июля;595;20.июля;523
09.мая;333;24.дек.;2622;31.июля;150;21.июля;627;21.июля;430;21.июля;303
10.мая;394;25.дек.;2784;01.авг.;282;22.июля;570;22.июля;593;22.июля;467
11.мая;494;26.дек.;1589;02.авг.;364;23.июля;513;23.июля;384;23.июля;459
12.мая;352;27.дек.;1531;03.авг.;237;24.июля;471;24.июля;524;24.июля;511
13.мая;470;28.дек.;2132;04.авг.;392;25.июля;620;25.июля;537;25.июля;450
14.мая;377;29.дек.;2353;05.авг.;396;26.июля;497;26.июля;579;26.июля;372
15.мая;444;30.дек.;2935;06.авг.;265;27.июля;659;27.июля;431;27.июля;433
16.мая;310;31.дек.;2519;07.авг.;144;28.июля;500;28.июля;432;28.июля;399
17.мая;374;02.янв.;1322;08.авг.;212;29.июля;469;29.июля;508;29.июля;360
18.мая;466;03.янв.;1021;09.авг.;314;30.июля;810;30.июля;651;30.июля;343
19.мая;580;04.янв.;943;10.авг.;337;31.июля;676;31.июля;628;31.июля;511
20.мая;545;05.янв.;742;11.авг.;488;01.авг.;535;01.авг.;336;01.авг.;478
21.мая;461;06.янв.;698;12.авг.;599;02.авг.;627;02.авг.;439;02.авг.;474
22.мая;397;07.янв.;1028;13.авг.;313;03.авг.;485;03.авг.;512;03.авг.;408
23.мая;369;08.янв.;1420;14.авг.;258;04.авг.;372;04.авг.;592;04.авг.;418
24.мая;459;09.янв.;916;15.авг.;310;05.авг.;583;05.авг.;509;05.авг.;289
25.мая;743;10.янв.;657;16.авг.;539;06.авг.;578;06.авг.;351;06.авг.;242
26.мая;677;11.янв.;457;17.авг.;268;07.авг.;409;07.авг.;387;07.авг.;231
27.мая;452;12.янв.;524;18.авг.;356;08.авг.;621;08.авг.;380;08.авг.;311
28.мая;497;13.янв.;638;19.авг.;406;09.авг.;732;09.авг.;546;09.авг.;612
29.мая;412;14.янв.;1175;20.авг.;459;10.авг.;608;10.авг.;747;10.авг.;332
30.мая;371;15.янв.;1088;21.авг.;271;11.авг.;513;11.авг.;473;11.авг.;438
31.мая;517;16.янв.;367;22.авг.;526;12.авг.;540;12.авг.;562;12.авг.;422
01.июня;486;17.янв.;487;23.авг.;422;13.авг.;580;13.авг.;467;13.авг.;278
02.июня;524;18.янв.;494;24.авг.;334;14.авг.;761;14.авг.;492;14.авг.;390
03.июня;631;19.янв.;427;25.авг.;311;15.авг.;679;15.авг.;622;15.авг.;720
04.июня;444;20.янв.;862;26.авг.;404;16.авг.;620;16.авг.;661;16.авг.;655
05.июня;379;21.янв.;1319;27.авг.;362;17.авг.;621;17.авг.;632;17.авг.;469
06.июня;381;22.янв.;1068;28.авг.;275;18.авг.;547;18.авг.;381;18.авг.;384
07.июня;501;23.янв.;461;29.авг.;508;19.авг.;628;19.авг.;264;19.авг.;258
08.июня;526;24.янв.;565;30.авг.;459;20.авг.;584;20.авг.;392;20.авг.;572
09.июня;539;25.янв.;656;31.авг.;573;21.авг.;548;21.авг.;557;21.авг.;445
10.июня;516;26.янв.;540;01.сент.;499;22.авг.;437;22.авг.;511;22.авг.;254
11.июня;372;27.янв.;786;02.сент.;582;23.авг.;590;23.авг.;623;23.авг.;544
12.июня;572;28.янв.;1124;03.сент.;463;24.авг.;578;24.авг.;548;24.авг.;493
13.июня;486;29.янв.;1065;04.сент.;259;25.авг.;664;25.авг.;526;25.авг.;302
14.июня;458;30.янв.;661;05.сент.;725;26.авг.;448;26.авг.;514;26.авг.;312
15.июня;361;31.янв.;685;06.сент.;598;27.авг.;513;27.авг.;600;27.авг.;488
16.июня;399;01.февр.;597;07.сент.;376;28.авг.;561;28.авг.;567;28.авг.;418
17.июня;543;02.февр.;570;08.сент.;656;29.авг.;689;29.авг.;596;29.авг.;403
18.июня;633;03.февр.;834;09.сент.;686;30.авг.;638;30.авг.;626;30.авг.;672
19.июня;512;04.февр.;1668;10.сент.;565;31.авг.;748;31.авг.;761;31.авг.;593
20.июня;584;05.февр.;1499;11.сент.;196;01.сент.;809;01.сент.;466;01.сент.;463
21.июня;392;06.февр.;704;12.сент.;459;02.сент.;529;02.сент.;407;02.сент.;430
22.июня;508;07.февр.;662;13.сент.;507;03.сент.;542;03.сент.;427;03.сент.;257
23.июня;407;08.февр.;646;14.сент.;458;04.сент.;522;04.сент.;378;04.сент.;434
24.июня;428;09.февр.;536;15.сент.;489;05.сент.;417;05.сент.;378;05.сент.;606
25.июня;527;10.февр.;808;16.сент.;420;06.сент.;611;06.сент.;590;06.сент.;636
26.июня;531;11.февр.;1563;17.сент.;447;07.сент.;617;07.сент.;555;07.сент.;579
27.июня;441;12.февр.;1282;18.сент.;424;08.сент.;609;08.сент.;380;08.сент.;461
28.июня;490;13.февр.;629;19.сент.;420;09.сент.;611;09.сент.;564;09.сент.;566
29.июня;569;14.февр.;493;20.сент.;438;10.сент.;643;10.сент.;312;10.сент.;439
30.июня;685;15.февр.;601;21.сент.;358;11.сент.;604;11.сент.;428;11.сент.;463
01.июля;364;16.февр.;426;22.сент.;470;12.сент.;552;12.сент.;544;12.сент.;444
02.июля;365;17.февр.;609;23.сент.;610;13.сент.;742;13.сент.;524;13.сент.;755
03.июля;412;18.февр.;1300;24.сент.;657;14.сент.;805;14.сент.;587;14.сент.;641
04.июля;476;19.февр.;1228;25.сент.;564;15.сент.;627;15.сент.;545;15.сент.;534
05.июля;303;20.февр.;632;26.сент.;486;16.сент.;498;16.сент.;523;16.сент.;315
06.июля;517;21.февр.;617;27.сент.;434;17.сент.;573;17.сент.;529;17.сент.;404
07.июля;533;22.февр.;747;28.сент.;415;18.сент.;576;18.сент.;405;18.сент.;501
08.июля;502;23.февр.;1160;29.сент.;545;19.сент.;451;19.сент.;497;19.сент.;558
09.июля;433;24.февр.;688;30.сент.;629;20.сент.;892;20.сент.;816;20.сент.;764
10.июля;630;25.февр.;1085;01.окт.;343;21.сент.;818;21.сент.;553;21.сент.;942
11.июля;480;26.февр.;1154;02.окт.;365;22.сент.;565;22.сент.;440;22.сент.;388
12.июля;479;27.февр.;320;03.окт.;423;23.сент.;356;23.сент.;468;23.сент.;601
13.июля;455;28.февр.;659;04.окт.;590;24.сент.;485;24.сент.;439;24.сент.;363
14.июля;615;29.февр.;800;05.окт.;600;25.сент.;629;25.сент.;463;25.сент.;539
15.июля;781;01.марта;514;06.окт.;478;26.сент.;437;26.сент.;482;26.сент.;553
16.июля;490;02.марта;759;07.окт.;612;27.сент.;690;27.сент.;848;27.сент.;983
17.июля;421;03.марта;1710;08.окт.;385;28.сент.;906;28.сент.;654;28.сент.;610
18.июля;577;04.марта;1183;09.окт.;423;29.сент.;608;29.сент.;688;29.сент.;713
19.июля;603;05.марта;511;10.окт.;461;30.сент.;451;30.сент.;356;30.сент.;477
20.июля;469;06.марта;587;11.окт.;519;01.окт.;598;01.окт.;492;01.окт.;466
21.июля;593;07.марта;1525;12.окт.;485;02.окт.;762;02.окт.;470;02.окт.;655
22.июля;457;08.марта;1550;13.окт.;521;03.окт.;454;03.окт.;592;03.окт.;468
23.июля;455;09.марта;1192;14.окт.;622;04.окт.;739;04.окт.;592;04.окт.;682
24.июля;426;10.марта;1065;15.окт.;425;05.окт.;631;05.окт.;914;05.окт.;594
25.июля;493;11.марта;544;16.окт.;557;06.окт.;440;06.окт.;522;06.окт.;354
26.июля;493;12.марта;490;17.окт.;437;07.окт.;684;07.окт.;517;07.окт.;639
27.июля;478;13.марта;1018;18.окт.;405;08.окт.;502;08.окт.;390;08.окт.;425
28.июля;573;14.марта;594;19.окт.;559;09.окт.;518;09.окт.;600;09.окт.;384
29.июля;433;15.марта;1004;20.окт.;588;10.окт.;681;10.окт.;630;10.окт.;418
30.июля;331;16.марта;715;21.окт.;523;11.окт.;948;11.окт.;867;11.окт.;851
31.июля;530;17.марта;1422;22.окт.;363;12.окт.;921;12.окт.;586;12.окт.;846
01.авг.;597;18.марта;1001;23.окт.;369;13.окт.;490;13.окт.;492;13.окт.;523
02.авг.;391;19.марта;342;24.окт.;694;14.окт.;802;14.окт.;455;14.окт.;626
03.авг.;368;20.марта;756;25.окт.;427;15.окт.;904;15.окт.;500;15.окт.;586
04.авг.;543;21.марта;563;26.окт.;733;16.окт.;923;16.окт.;757;16.окт.;589
05.авг.;598;22.марта;414;27.окт.;283;17.окт.;515;17.окт.;423;17.окт.;693
06.авг.;511;23.марта;833;28.окт.;466;18.окт.;1270;18.окт.;755;18.окт.;845
07.авг.;469;24.марта;1770;29.окт.;410;19.окт.;659;19.окт.;684;19.окт.;700
08.авг.;497;25.марта;1121;30.окт.;234;20.окт.;734;20.окт.;496;20.окт.;313
09.авг.;485;26.марта;653;31.окт.;526;21.окт.;643;21.окт.;553;21.окт.;409
10.авг.;779;27.марта;545;01.нояб.;487;22.окт.;692;22.окт.;433;22.окт.;473
11.авг.;551;28.марта;498;02.нояб.;406;23.окт.;637;23.окт.;409;23.окт.;257
12.авг.;695;29.марта;538;03.нояб.;390;24.окт.;661;24.окт.;405;24.окт.;354
13.авг.;575;30.марта;814;04.нояб.;391;25.окт.;1079;25.окт.;810;25.окт.;612
14.авг.;652;31.марта;1781;05.нояб.;402;26.окт.;767;26.окт.;943;26.окт.;687
15.авг.;663;01.апр.;1259;06.нояб.;222;27.окт.;442;27.окт.;439;27.окт.;470
16.авг.;487;02.апр.;664;07.нояб.;363;28.окт.;516;28.окт.;577;28.окт.;420
17.авг.;516;03.апр.;642;08.нояб.;361;29.окт.;715;29.окт.;425;29.окт.;353
18.авг.;538;04.апр.;818;09.нояб.;535;30.окт.;694;30.окт.;549;30.окт.;423
19.авг.;629;05.апр.;764;10.нояб.;592;31.окт.;759;31.окт.;453;31.окт.;585
20.авг.;632;06.апр.;814;11.нояб.;690;01.нояб.;868;01.нояб.;848;01.нояб.;707
21.авг.;545;07.апр.;1608;12.нояб.;378;02.нояб.;850;02.нояб.;823;02.нояб.;802
22.авг.;553;08.апр.;1649;13.нояб.;506;03.нояб.;1012;03.нояб.;621;03.нояб.;679
23.авг.;584;09.апр.;735;14.нояб.;383;04.нояб.;715;04.нояб.;431;04.нояб.;635
24.авг.;599;10.апр.;727;15.нояб.;523;05.нояб.;644;05.нояб.;418;05.нояб.;519
25.авг.;809;11.апр.;690;16.нояб.;472;06.нояб.;775;06.нояб.;545;06.нояб.;395
26.авг.;738;12.апр.;790;17.нояб.;438;07.нояб.;740;07.нояб.;810;07.нояб.;715
27.авг.;402;13.апр.;662;18.нояб.;553;08.нояб.;1133;08.нояб.;1146;08.нояб.;1010
28.авг.;714;14.апр.;1224;19.нояб.;529;09.нояб.;919;09.нояб.;1053;09.нояб.;1118
29.авг.;501;15.апр.;1178;20.нояб.;405;10.нояб.;745;10.нояб.;607;10.нояб.;561
30.авг.;671;16.апр.;447;21.нояб.;312;11.нояб.;707;11.нояб.;499;11.нояб.;537
31.авг.;708;17.апр.;773;22.нояб.;484;12.нояб.;907;12.нояб.;706;12.нояб.;769
01.сент.;673;18.апр.;780;23.нояб.;490;13.нояб.;777;13.нояб.;487;13.нояб.;614
02.сент.;576;19.апр.;551;24.нояб.;584;14.нояб.;852;14.нояб.;707;14.нояб.;791
03.сент.;451;20.апр.;636;25.нояб.;399;15.нояб.;936;15.нояб.;1384;15.нояб.;845
04.сент.;656;21.апр.;1349;26.нояб.;412;16.нояб.;1154;16.нояб.;1259;16.нояб.;1044
05.сент.;507;22.апр.;1147;27.нояб.;453;17.нояб.;701;17.нояб.;705;17.нояб.;496
06.сент.;553;23.апр.;576;28.нояб.;483;18.нояб.;997;18.нояб.;697;18.нояб.;472
07.сент.;499;24.апр.;623;29.нояб.;480;19.нояб.;743;19.нояб.;603;19.нояб.;622
08.сент.;760;25.апр.;768;30.нояб.;422;20.нояб.;824;20.нояб.;757;20.нояб.;591
09.сент.;716;26.апр.;610;01.дек.;603;21.нояб.;943;21.нояб.;628;21.нояб.;618
10.сент.;466;27.апр.;781;02.дек.;535;22.нояб.;830;22.нояб.;1312;22.нояб.;1246
11.сент.;558;28.апр.;678;03.дек.;482;23.нояб.;988;23.нояб.;947;23.нояб.;667
12.сент.;419;29.апр.;1069;04.дек.;411;24.нояб.;613;24.нояб.;567;24.нояб.;658
13.сент.;713;30.апр.;1300;05.дек.;535;25.нояб.;635;25.нояб.;738;25.нояб.;875
14.сент.;473;01.мая;1078;06.дек.;594;26.нояб.;547;26.нояб.;771;26.нояб.;754
15.сент.;597;02.мая;815;07.дек.;644;27.нояб.;1035;27.нояб.;853;27.нояб.;615
16.сент.;751;03.мая;571;08.дек.;432;28.нояб.;815;28.нояб.;1000;28.нояб.;623
17.сент.;638;04.мая;683;09.дек.;900;29.нояб.;1861;29.нояб.;1520;29.нояб.;1427
18.сент.;511;05.мая;925;10.дек.;814;30.нояб.;1359;30.нояб.;1531;30.нояб.;1597
19.сент.;811;06.мая;1143;11.дек.;471;01.дек.;792;01.дек.;685;01.дек.;628
20.сент.;522;07.мая;838;12.дек.;770;02.дек.;837;02.дек.;1041;02.дек.;786
21.сент.;733;08.мая;872;13.дек.;614;03.дек.;955;03.дек.;745;03.дек.;592
22.сент.;651;09.мая;918;14.дек.;655;04.дек.;987;04.дек.;708;04.дек.;579
23.сент.;737;10.мая;620;15.дек.;895;05.дек.;918;05.дек.;856;05.дек.;727
24.сент.;436;11.мая;982;16.дек.;539;06.дек.;1584;06.дек.;1234;06.дек.;1862
25.сент.;600;12.мая;940;17.дек.;632;07.дек.;1259;07.дек.;1192;07.дек.;1050
26.сент.;448;13.мая;1355;18.дек.;523;08.дек.;953;08.дек.;732;08.дек.;766
27.сент.;654;14.мая;923;19.дек.;707;09.дек.;889;09.дек.;966;09.дек.;764
28.сент.;538;15.мая;796;20.дек.;605;10.дек.;1116;10.дек.;1083;10.дек.;825
29.сент.;758;16.мая;578;21.дек.;453;11.дек.;724;11.дек.;825;11.дек.;637
30.сент.;836;17.мая;689;22.дек.;812;12.дек.;1197;12.дек.;973;12.дек.;875
01.окт.;545;18.мая;700;23.дек.;814;13.дек.;1608;13.дек.;1772;13.дек.;1787
02.окт.;463;19.мая;1318;24.дек.;877;14.дек.;1602;14.дек.;1937;14.дек.;1719
03.окт.;503;20.мая;1159;25.дек.;599;15.дек.;1393;15.дек.;1225;15.дек.;1138
04.окт.;471;21.мая;561;26.дек.;749;16.дек.;2730;16.дек.;2543;16.дек.;1599
05.окт.;551;22.мая;521;27.дек.;1040;17.дек.;3429;17.дек.;3457;17.дек.;3395
06.окт.;818;23.мая;816;28.дек.;1248;18.дек.;3180;18.дек.;2736;18.дек.;2648
07.окт.;861;24.мая;695;29.дек.;1390;19.дек.;2448;19.дек.;2196;19.дек.;2099
08.окт.;544;25.мая;698;30.дек.;1563;20.дек.;2852;20.дек.;3311;20.дек.;2869
09.окт.;635;26.мая;1397;31.дек.;770;21.дек.;2398;21.дек.;2532;21.дек.;2543
10.окт.;348;27.мая;1412;03.янв.;225;22.дек.;1685;22.дек.;1358;22.дек.;2011
11.окт.;685;28.мая;788;04.янв.;289;23.дек.;1579;23.дек.;1024;23.дек.;1116
12.окт.;780;29.мая;729;05.янв.;580;24.дек.;1573;24.дек.;1331;24.дек.;1009
13.окт.;722;30.мая;749;06.янв.;491;25.дек.;1412;25.дек.;1222;25.дек.;915
14.окт.;736;31.мая;871;07.янв.;377;26.дек.;1846;26.дек.;1471;26.дек.;1356
15.окт.;477;01.июня;1270;08.янв.;270;27.дек.;2637;27.дек.;2288;27.дек.;1652
16.окт.;390;02.июня;1121;09.янв.;402;28.дек.;2164;28.дек.;2645;28.дек.;1690
17.окт.;712;03.июня;1921;10.янв.;607;29.дек.;1746;29.дек.;1879;29.дек.;1556
18.окт.;498;04.июня;1029;11.янв.;422;30.дек.;2539;30.дек.;2476;30.дек.;2383
19.окт.;462;05.июня;985;12.янв.;405;31.дек.;2139;31.дек.;2325;31.дек.;1924
20.окт.;717;06.июня;858;13.янв.;613;02.янв.;951;02.янв.;1012;02.янв.;882
21.окт.;953;07.июня;851;14.янв.;541;03.янв.;1076;03.янв.;784;03.янв.;702
22.окт.;566;08.июня;951;15.янв.;647;04.янв.;861;04.янв.;763;04.янв.;544
23.окт.;386;09.июня;749;16.янв.;387;05.янв.;1094;05.янв.;662;05.янв.;614
24.окт.;411;10.июня;1160;17.янв.;365;06.янв.;846;06.янв.;564;06.янв.;661
25.окт.;506;11.июня;713;18.янв.;428;07.янв.;1003;07.янв.;523;07.янв.;546
26.окт.;563;12.июня;900;19.янв.;505;08.янв.;603;08.янв.;680;08.янв.;366
27.окт.;552;13.июня;708;20.янв.;488;09.янв.;510;09.янв.;556;09.янв.;510
28.окт.;439;14.июня;826;21.янв.;493;10.янв.;529;10.янв.;670;10.янв.;600
29.окт.;355;15.июня;779;22.янв.;364;11.янв.;768;11.янв.;755;11.янв.;528
30.окт.;583;16.июня;1395;23.янв.;318;12.янв.;439;12.янв.;419;12.янв.;310
31.окт.;388;17.июня;1269;24.янв.;337;13.янв.;622;13.янв.;578;13.янв.;678
01.нояб.;461;18.июня;477;25.янв.;539;14.янв.;612;14.янв.;482;14.янв.;557
02.нояб.;734;19.июня;701;26.янв.;321;15.янв.;506;15.янв.;321;15.янв.;403
03.нояб.;689;20.июня;821;27.янв.;577;16.янв.;366;16.янв.;382;16.янв.;336
04.нояб.;698;21.июня;811;28.янв.;416;17.янв.;717;17.янв.;750;17.янв.;540
05.нояб.;507;22.июня;719;29.янв.;305;18.янв.;833;18.янв.;932;18.янв.;710
06.нояб.;385;23.июня;1344;30.янв.;463;19.янв.;560;19.янв.;501;19.янв.;434
07.нояб.;503;24.июня;906;31.янв.;352;20.янв.;338;20.янв.;503;20.янв.;474
08.нояб.;504;25.июня;682;01.февр.;482;21.янв.;544;21.янв.;474;21.янв.;452
09.нояб.;526;26.июня;523;02.февр.;490;22.янв.;549;22.янв.;400;22.янв.;338
10.нояб.;801;27.июня;573;03.февр.;704;23.янв.;690;23.янв.;387;23.янв.;468
11.нояб.;722;28.июня;569;04.февр.;385;24.янв.;789;24.янв.;572;24.янв.;717
12.нояб.;389;29.июня;844;05.февр.;507;25.янв.;723;25.янв.;798;25.янв.;648
13.нояб.;573;30.июня;1315;06.февр.;447;26.янв.;476;26.янв.;476;26.янв.;211
14.нояб.;500;01.июля;1077;07.февр.;424;27.янв.;403;27.янв.;505;27.янв.;323
15.нояб.;371;02.июля;546;08.февр.;438;28.янв.;370;28.янв.;545;28.янв.;281
16.нояб.;521;03.июля;693;09.февр.;303;29.янв.;526;29.янв.;546;29.янв.;594
17.нояб.;811;04.июля;584;10.февр.;506;30.янв.;575;30.янв.;568;30.янв.;963
18.нояб.;743;05.июля;606;11.февр.;498;31.янв.;642;31.янв.;930;31.янв.;725
19.нояб.;465;06.июля;400;12.февр.;483;01.февр.;584;01.февр.;615;01.февр.;462
20.нояб.;640;07.июля;827;13.февр.;419;02.февр.;263;02.февр.;400;02.февр.;317
21.нояб.;793;08.июля;779;14.февр.;606;03.февр.;449;03.февр.;664;03.февр.;458
22.нояб.;459;09.июля;690;15.февр.;507;04.февр.;611;04.февр.;364;04.февр.;566
23.нояб.;542;10.июля;586;16.февр.;533;05.февр.;407;05.февр.;382;05.февр.;597
24.нояб.;690;11.июля;776;17.февр.;528;06.февр.;755;06.февр.;422;06.февр.;570
25.нояб.;727;12.июля;874;18.февр.;530;07.февр.;612;07.февр.;1026;07.февр.;624
26.нояб.;677;13.июля;926;19.февр.;371;08.февр.;710;08.февр.;863;08.февр.;468
27.нояб.;591;14.июля;1525;20.февр.;505;09.февр.;825;09.февр.;576;09.февр.;445
28.нояб.;433;15.июля;920;21.февр.;531;10.февр.;490;10.февр.;782;10.февр.;546
29.нояб.;502;16.июля;619;22.февр.;548;11.февр.;672;11.февр.;584;11.февр.;634
30.нояб.;339;17.июля;931;23.февр.;398;12.февр.;539;12.февр.;346;12.февр.;394
01.дек.;492;18.июля;566;24.февр.;352;13.февр.;510;13.февр.;653;13.февр.;678
02.дек.;911;19.июля;580;25.февр.;404;14.февр.;898;14.февр.;749;14.февр.;921
03.дек.;432;20.июля;1070;26.февр.;287;15.февр.;567;15.февр.;838;15.февр.;808
04.дек.;500;21.июля;1253;27.февр.;245;16.февр.;722;16.февр.;572;16.февр.;487
05.дек.;445;22.июля;1029;28.февр.;442;17.февр.;369;17.февр.;410;17.февр.;486
06.дек.;423;23.июля;632;29.февр.;559;18.февр.;551;18.февр.;402;18.февр.;372
07.дек.;694;24.июля;612;01.марта;374;19.февр.;518;19.февр.;433;19.февр.;404
08.дек.;959;25.июля;565;02.марта;355;20.февр.;513;20.февр.;576;20.февр.;513
09.дек.;1168;26.июля;645;03.марта;473;21.февр.;722;21.февр.;993;21.февр.;690
10.дек.;567;27.июля;526;04.марта;386;22.февр.;693;22.февр.;585;22.февр.;567
11.дек.;672;28.июля;977;05.марта;348;23.февр.;754;23.февр.;916;23.февр.;632
12.дек.;608;29.июля;582;06.марта;635;24.февр.;552;24.февр.;461;24.февр.;313
13.дек.;686;30.июля;598;07.марта;689;25.февр.;449;25.февр.;382;25.февр.;358
14.дек.;643;31.июля;684;08.марта;551;26.февр.;501;26.февр.;383;26.февр.;359
15.дек.;1142;01.авг.;441;09.марта;339;27.февр.;554;27.февр.;497;27.февр.;591
16.дек.;1342;02.авг.;476;10.марта;291;28.февр.;738;28.февр.;943;28.февр.;724
17.дек.;604;03.авг.;969;11.марта;369;01.марта;833;01.марта;555;01.марта;597
18.дек.;691;04.авг.;1226;12.марта;506;02.марта;321;02.марта;357;02.марта;422
19.дек.;774;05.авг.;909;13.марта;367;03.марта;544;03.марта;438;03.марта;460
20.дек.;500;06.авг.;454;14.марта;825;04.марта;688;04.марта;590;04.марта;225
21.дек.;1182;07.авг.;564;15.марта;403;05.марта;582;05.марта;658;05.марта;618
22.дек.;1232;08.авг.;554;16.марта;562;06.марта;660;06.марта;569;06.марта;600
23.дек.;1053;09.авг.;699;17.марта;466;07.марта;1146;07.марта;1193;07.марта;688
24.дек.;1039;10.авг.;803;18.марта;367;08.марта;746;08.марта;763;08.марта;703
25.дек.;979;11.авг.;1096;19.марта;381;09.марта;593;09.марта;836;09.марта;512
26.дек.;1096;12.авг.;910;20.марта;346;10.марта;364;10.марта;458;10.марта;380
27.дек.;1402;13.авг.;389;21.марта;629;11.марта;449;11.марта;539;11.марта;399
28.дек.;1743;14.авг.;909;22.марта;424;12.марта;538;12.марта;494;12.марта;385
29.дек.;1884;15.авг.;728;23.марта;439;13.марта;578;13.марта;483;13.марта;355
30.дек.;2208;16.авг.;636;24.марта;472;14.марта;642;14.марта;718;14.марта;616
31.дек.;1549;17.авг.;576;25.марта;360;15.марта;630;15.марта;766;15.марта;699
02.янв.;748;18.авг.;1106;26.марта;335;16.марта;600;16.марта;596;16.марта;355
03.янв.;616;19.авг.;969;27.марта;346;17.марта;486;17.марта;539;17.марта;408
04.янв.;509;20.авг.;808;28.марта;446;18.марта;476;18.марта;323;18.марта;358
05.янв.;560;21.авг.;327;29.марта;380;19.марта;403;19.марта;478;19.марта;364
06.янв.;706;22.авг.;645;30.марта;534;20.марта;707;20.марта;635;20.марта;392
07.янв.;506;23.авг.;669;31.марта;701;21.марта;581;21.марта;723;21.марта;747
08.янв.;615;24.авг.;991;01.апр.;594;22.марта;445;22.марта;893;22.марта;690
09.янв.;545;25.авг.;943;02.апр.;461;23.марта;386;23.марта;389;23.марта;497
10.янв.;501;26.авг.;1059;03.апр.;362;24.марта;587;24.марта;488;24.марта;451
11.янв.;572;27.авг.;592;04.апр.;467;25.марта;389;25.марта;435;25.марта;457
12.янв.;556;28.авг.;669;05.апр.;403;26.марта;428;26.марта;371;26.марта;427
13.янв.;809;29.авг.;662;06.апр.;561;27.марта;58;27.марта;156;27.марта;35
14.янв.;408;30.авг.;847;07.апр.;522;;;;;;
15.янв.;549;31.авг.;960;08.апр.;328;;;;;;
16.янв.;454;01.сент.;1495;09.апр.;505;;;;;;
17.янв.;459;02.сент.;1237;10.апр.;377;;;;;;
18.янв.;277;03.сент.;492;11.апр.;375;;;;;;
19.янв.;722;04.сент.;547;12.апр.;362;;;;;;
20.янв.;640;05.сент.;444;13.апр.;556;;;;;;
21.янв.;398;06.сент.;522;14.апр.;386;;;;;;
22.янв.;411;07.сент.;895;15.апр.;377;;;;;;
23.янв.;576;08.сент.;1369;16.апр.;284;;;;;;
24.янв.;345;09.сент.;1045;17.апр.;522;;;;;;
25.янв.;343;10.сент.;491;18.апр.;447;;;;;;
26.янв.;657;11.сент.;470;19.апр.;416;;;;;;
27.янв.;659;12.сент.;488;20.апр.;331;;;;;;
28.янв.;472;13.сент.;619;21.апр.;506;;;;;;
29.янв.;625;14.сент.;665;22.апр.;383;;;;;;
30.янв.;422;15.сент.;1270;23.апр.;505;;;;;;
31.янв.;477;16.сент.;1294;24.апр.;428;;;;;;
01.февр.;632;17.сент.;577;25.апр.;492;;;;;;
02.февр.;662;18.сент.;579;26.апр.;447;;;;;;
03.февр.;485;19.сент.;812;27.апр.;364;;;;;;
04.февр.;262;20.сент.;641;28.апр.;434;;;;;;
05.февр.;515;21.сент.;602;29.апр.;408;;;;;;
06.февр.;542;22.сент.;1347;30.апр.;460;;;;;;
07.февр.;409;23.сент.;932;01.мая;388;;;;;;
08.февр.;411;24.сент.;516;02.мая;354;;;;;;
09.февр.;776;25.сент.;628;03.мая;412;;;;;;
10.февр.;645;26.сент.;498;04.мая;432;;;;;;
11.февр.;445;27.сент.;595;05.мая;564;;;;;;
12.февр.;531;28.сент.;590;06.мая;345;;;;;;
13.февр.;359;29.сент.;1347;07.мая;317;;;;;;
14.февр.;764;30.сент.;1351;08.мая;234;;;;;;
15.февр.;634;01.окт.;530;09.мая;111;;;;;;
16.февр.;711;02.окт.;463;10.мая;351;;;;;;
17.февр.;747;03.окт.;425;11.мая;603;;;;;;
18.февр.;553;04.окт.;577;12.мая;501;;;;;;
19.февр.;562;05.окт.;663;13.мая;327;;;;;;
20.февр.;361;06.окт.;1304;14.мая;453;;;;;;
21.февр.;594;07.окт.;1393;15.мая;429;;;;;;
22.февр.;792;08.окт.;490;16.мая;257;;;;;;
23.февр.;930;09.окт.;893;17.мая;526;;;;;;
24.февр.;660;10.окт.;598;18.мая;443;;;;;;
25.февр.;652;11.окт.;539;19.мая;325;;;;;;
26.февр.;491;12.окт.;707;20.мая;313;;;;;;
27.февр.;439;13.окт.;1330;21.мая;464;;;;;;
28.февр.;473;14.окт.;1094;22.мая;324;;;;;;
01.марта;415;15.окт.;561;23.мая;368;;;;;;
02.марта;598;16.окт.;646;24.мая;488;;;;;;
03.марта;802;17.окт.;569;25.мая;469;;;;;;
04.марта;590;18.окт.;786;26.мая;495;;;;;;
05.марта;534;19.окт.;803;27.мая;428;;;;;;
06.марта;722;20.окт.;1228;28.мая;260;;;;;;
07.марта;1069;21.окт.;1221;29.мая;468;;;;;;
08.марта;782;22.окт.;268;30.мая;512;;;;;;
09.марта;777;23.окт.;517;31.мая;417;;;;;;
10.марта;558;24.окт.;544;01.июня;418;;;;;;
11.марта;404;25.окт.;499;02.июня;405;;;;;;
12.марта;495;26.окт.;565;03.июня;549;;;;;;
13.марта;602;27.окт.;1249;04.июня;397;;;;;;
14.марта;457;28.окт.;892;05.июня;452;;;;;;
15.марта;431;29.окт.;481;06.июня;586;;;;;;
16.марта;491;30.окт.;502;07.июня;358;;;;;;
17.марта;634;31.окт.;582;08.июня;449;;;;;;
18.марта;531;01.нояб.;520;09.июня;539;;;;;;
19.марта;401;02.нояб.;643;10.июня;328;;;;;;
20.марта;563;03.нояб.;1346;11.июня;313;;;;;;
21.марта;460;04.нояб.;1013;12.июня;299;;;;;;
22.марта;556;05.нояб.;1227;13.июня;413;;;;;;
23.марта;705;06.нояб.;377;14.июня;269;;;;;;
24.марта;619;07.нояб.;620;15.июня;505;;;;;;
25.марта;363;08.нояб.;402;16.июня;509;;;;;;
26.марта;500;09.нояб.;845;17.июня;430;;;;;;
27.марта;559;10.нояб.;971;18.июня;320;;;;;;
28.марта;318;11.нояб.;1166;19.июня;284;;;;;;
29.марта;380;12.нояб.;466;20.июня;501;;;;;;
30.марта;761;13.нояб.;419;21.июня;420;;;;;;
31.марта;481;14.нояб.;804;22.июня;329;;;;;;
01.апр.;398;15.нояб.;532;23.июня;406;;;;;;
02.апр.;296;16.нояб.;707;24.июня;408;;;;;;
03.апр.;316;17.нояб.;989;25.июня;439;;;;;;
04.апр.;493;18.нояб.;1351;26.июня;276;;;;;;
05.апр.;497;19.нояб.;586;27.июня;412;;;;;;
06.апр.;586;20.нояб.;469;28.июня;445;;;;;;
07.апр.;570;21.нояб.;647;29.июня;551;;;;;;
08.апр.;494;22.нояб.;772;30.июня;377;;;;;;
09.апр.;549;23.нояб.;845;01.июля;409;;;;;;
10.апр.;651;24.нояб.;1333;02.июля;346;;;;;;
11.апр.;510;25.нояб.;1124;03.июля;276;;;;;;
12.апр.;452;26.нояб.;589;04.июля;363;;;;;;
13.апр.;696;27.нояб.;636;05.июля;486;;;;;;
14.апр.;668;28.нояб.;643;06.июля;527;;;;;;
15.апр.;436;29.нояб.;553;07.июля;269;;;;;;
16.апр.;476;30.нояб.;613;08.июля;309;;;;;;
17.апр.;322;01.дек.;1466;09.июля;313;;;;;;
18.апр.;341;02.дек.;1473;10.июля;364;;;;;;
19.апр.;434;03.дек.;576;11.июля;436;;;;;;
20.апр.;606;04.дек.;349;12.июля;368;;;;;;
21.апр.;322;05.дек.;512;13.июля;228;;;;;;
22.апр.;409;06.дек.;456;14.июля;482;;;;;;
23.апр.;212;07.дек.;752;15.июля;432;;;;;;
24.апр.;385;08.дек.;1507;16.июля;518;;;;;;
25.апр.;487;09.дек.;1502;17.июля;473;;;;;;
26.апр.;329;10.дек.;612;18.июля;526;;;;;;
27.апр.;552;11.дек.;709;19.июля;406;;;;;;
28.апр.;553;12.дек.;651;20.июля;441;;;;;;
29.апр.;327;13.дек.;729;21.июля;337;;;;;;
30.апр.;579;14.дек.;3315;22.июля;205;;;;;;
01.мая;313;15.дек.;1797;23.июля;391;;;;;;
02.мая;271;16.дек.;1596;24.июля;376;;;;;;
03.мая;390;17.дек.;658;25.июля;312;;;;;;
04.мая;455;18.дек.;856;26.июля;419;;;;;;
05.мая;463;19.дек.;870;27.июля;429;;;;;;
06.мая;346;20.дек.;800;28.июля;321;;;;;;
07.мая;580;21.дек.;1196;29.июля;172;;;;;;
08.мая;510;22.дек.;2077;30.июля;360;;;;;;
09.мая;378;23.дек.;2310;31.июля;480;;;;;;
10.мая;412;24.дек.;993;01.авг.;254;;;;;;
11.мая;428;25.дек.;1268;02.авг.;424;;;;;;
12.мая;361;26.дек.;1196;03.авг.;269;;;;;;
13.мая;308;27.дек.;1591;04.авг.;448;;;;;;
14.мая;269;28.дек.;2226;05.авг.;324;;;;;;
15.мая;249;29.дек.;3257;06.авг.;290;;;;;;
16.мая;342;30.дек.;3771;07.авг.;343;;;;;;
17.мая;457;31.дек.;1922;08.авг.;467;;;;;;
18.мая;445;02.янв.;919;09.авг.;402;;;;;;
19.мая;696;03.янв.;922;10.авг.;437;;;;;;
20.мая;356;04.янв.;879;11.авг.;310;;;;;;
21.мая;357;05.янв.;925;12.авг.;322;;;;;;
22.мая;436;06.янв.;845;13.авг.;555;;;;;;
23.мая;414;07.янв.;1136;14.авг.;386;;;;;;
24.мая;428;08.янв.;1050;15.авг.;522;;;;;;
25.мая;626;09.янв.;437;16.авг.;418;;;;;;
26.мая;552;10.янв.;586;17.авг.;443;;;;;;
27.мая;425;11.янв.;1060;18.авг.;402;;;;;;
28.мая;432;12.янв.;992;19.авг.;273;;;;;;
29.мая;386;13.янв.;783;20.авг.;373;;;;;;
30.мая;371;14.янв.;564;21.авг.;1007;;;;;;
31.мая;519;15.янв.;536;22.авг.;364;;;;;;
01.июня;400;16.янв.;430;23.авг.;370;;;;;;
02.июня;603;17.янв.;407;24.авг.;366;;;;;;
03.июня;555;18.янв.;573;25.авг.;359;;;;;;
04.июня;468;19.янв.;934;26.авг.;349;;;;;;
05.июня;476;20.янв.;890;27.авг.;229;;;;;;
06.июня;420;21.янв.;320;28.авг.;371;;;;;;
07.июня;495;22.янв.;451;29.авг.;495;;;;;;
08.июня;489;23.янв.;988;30.авг.;566;;;;;;
09.июня;671;24.янв.;579;31.авг.;923;;;;;;
10.июня;496;25.янв.;814;01.сент.;387;;;;;;
11.июня;580;26.янв.;1044;02.сент.;390;;;;;;
12.июня;747;27.янв.;790;03.сент.;361;;;;;;
13.июня;494;28.янв.;574;04.сент.;692;;;;;;
14.июня;513;29.янв.;506;05.сент.;393;;;;;;
15.июня;574;30.янв.;576;06.сент.;607;;;;;;
16.июня;471;31.янв.;521;07.сент.;381;;;;;;
17.июня;666;01.февр.;665;08.сент.;543;;;;;;
18.июня;591;02.февр.;1250;09.сент.;300;;;;;;
19.июня;443;04.февр.;953;10.сент.;342;;;;;;
20.июня;634;05.февр.;379;11.сент.;472;;;;;;
21.июня;563;06.февр.;366;12.сент.;303;;;;;;
22.июня;629;07.февр.;739;13.сент.;409;;;;;;
23.июня;680;08.февр.;585;14.сент.;439;;;;;;
24.июня;544;09.февр.;1223;15.сент.;416;;;;;;
25.июня;399;10.февр.;1116;16.сент.;432;;;;;;
26.июня;566;11.февр.;445;17.сент.;311;;;;;;
27.июня;245;12.февр.;645;18.сент.;364;;;;;;
28.июня;703;13.февр.;514;19.сент.;259;;;;;;
29.июня;500;14.февр.;950;20.сент.;355;;;;;;
30.июня;692;15.февр.;597;21.сент.;415;;;;;;
01.июля;586;16.февр.;1345;22.сент.;387;;;;;;
02.июля;816;17.февр.;1255;23.сент.;206;;;;;;
03.июля;484;18.февр.;637;24.сент.;304;;;;;;
04.июля;652;19.февр.;643;25.сент.;316;;;;;;
05.июля;538;20.февр.;566;26.сент.;332;;;;;;
06.июля;646;21.февр.;905;27.сент.;384;;;;;;
07.июля;749;22.февр.;1147;28.сент.;469;;;;;;
08.июля;484;23.февр.;1475;29.сент.;417;;;;;;
09.июля;523;24.февр.;925;30.сент.;408;;;;;;
10.июля;860;25.февр.;512;01.окт.;431;;;;;;
11.июля;780;26.февр.;463;02.окт.;450;;;;;;
12.июля;573;27.февр.;508;03.окт.;428;;;;;;
13.июля;750;28.февр.;560;04.окт.;428;;;;;;
14.июля;478;01.марта;919;05.окт.;465;;;;;;
15.июля;741;02.марта;1086;06.окт.;420;;;;;;
16.июля;559;03.марта;1210;07.окт.;493;;;;;;
17.июля;635;04.марта;540;08.окт.;321;;;;;;
18.июля;485;05.марта;743;09.окт.;377;;;;;;
19.июля;532;06.марта;606;10.окт.;413;;;;;;
20.июля;852;07.марта;1113;11.окт.;516;;;;;;
21.июля;812;08.марта;1546;12.окт.;566;;;;;;
22.июля;693;09.марта;745;13.окт.;379;;;;;;
23.июля;596;10.марта;997;14.окт.;481;;;;;;
24.июля;655;11.марта;614;15.окт.;474;;;;;;
25.июля;452;12.марта;614;16.окт.;423;;;;;;
26.июля;662;13.марта;514;17.окт.;388;;;;;;
27.июля;641;14.марта;490;18.окт.;473;;;;;;
28.июля;571;15.марта;616;19.окт.;461;;;;;;
29.июля;465;16.марта;1329;20.окт.;473;;;;;;
30.июля;578;17.марта;894;21.окт.;232;;;;;;
31.июля;467;18.марта;553;22.окт.;677;;;;;;
01.авг.;472;19.марта;574;23.окт.;387;;;;;;
02.авг.;582;20.марта;373;24.окт.;367;;;;;;
03.авг.;756;21.марта;545;25.окт.;343;;;;;;
04.авг.;709;22.марта;660;26.окт.;436;;;;;;
05.авг.;550;23.марта;1361;27.окт.;237;;;;;;
06.авг.;380;24.марта;878;28.окт.;249;;;;;;
07.авг.;658;25.марта;300;29.окт.;263;;;;;;
08.авг.;660;26.марта;325;30.окт.;324;;;;;;
09.авг.;641;27.марта;553;31.окт.;341;;;;;;
10.авг.;688;28.марта;587;01.нояб.;391;;;;;;
11.авг.;749;29.марта;781;02.нояб.;431;;;;;;
12.авг.;433;30.марта;1220;03.нояб.;434;;;;;;
13.авг.;423;31.марта;1024;04.нояб.;361;;;;;;
14.авг.;587;01.апр.;734;05.нояб.;219;;;;;;
15.авг.;593;02.апр.;404;06.нояб.;375;;;;;;
16.авг.;483;03.апр.;571;07.нояб.;406;;;;;;
17.авг.;873;04.апр.;412;08.нояб.;242;;;;;;
18.авг.;556;05.апр.;478;09.нояб.;433;;;;;;
19.авг.;572;06.апр.;1227;10.нояб.;401;;;;;;
20.авг.;574;07.апр.;1135;11.нояб.;334;;;;;;
21.авг.;648;08.апр.;319;12.нояб.;372;;;;;;
22.авг.;620;09.апр.;617;13.нояб.;469;;;;;;
23.авг.;569;10.апр.;570;14.нояб.;272;;;;;;
24.авг.;807;11.апр.;812;15.нояб.;398;;;;;;
25.авг.;926;12.апр.;861;16.нояб.;358;;;;;;
26.авг.;462;13.апр.;1478;17.нояб.;461;;;;;;
27.авг.;646;14.апр.;1068;18.нояб.;390;;;;;;
28.авг.;549;15.апр.;415;19.нояб.;359;;;;;;
29.авг.;565;16.апр.;549;20.нояб.;315;;;;;;
30.авг.;446;17.апр.;712;21.нояб.;471;;;;;;
31.авг.;673;18.апр.;449;22.нояб.;471;;;;;;
01.сент.;787;19.апр.;669;23.нояб.;504;;;;;;
02.сент.;510;20.апр.;983;24.нояб.;229;;;;;;
03.сент.;500;21.апр.;729;25.нояб.;552;;;;;;
04.сент.;473;22.апр.;495;26.нояб.;366;;;;;;
05.сент.;631;23.апр.;541;27.нояб.;141;;;;;;
06.сент.;493;24.апр.;596;28.нояб.;476;;;;;;
07.сент.;928;25.апр.;665;29.нояб.;360;;;;;;
08.сент.;820;26.апр.;596;30.нояб.;568;;;;;;
09.сент.;619;27.апр.;1512;01.дек.;388;;;;;;
10.сент.;487;28.апр.;1133;02.дек.;203;;;;;;
11.сент.;567;29.апр.;826;03.дек.;362;;;;;;
12.сент.;489;30.апр.;595;04.дек.;364;;;;;;
13.сент.;508;01.мая;1003;05.дек.;393;;;;;;
14.сент.;713;02.мая;671;06.дек.;550;;;;;;
15.сент.;836;03.мая;597;07.дек.;721;;;;;;
16.сент.;492;04.мая;703;08.дек.;337;;;;;;
17.сент.;533;05.мая;694;09.дек.;495;;;;;;
18.сент.;545;06.мая;706;10.дек.;454;;;;;;
19.сент.;527;07.мая;521;11.дек.;548;;;;;;
20.сент.;621;08.мая;522;12.дек.;538;;;;;;
21.сент.;799;09.мая;579;13.дек.;467;;;;;;
22.сент.;753;10.мая;593;14.дек.;577;;;;;;
23.сент.;580;11.мая;632;15.дек.;750;;;;;;
24.сент.;504;12.мая;604;16.дек.;382;;;;;;
25.сент.;588;13.мая;336;17.дек.;661;;;;;;
26.сент.;397;14.мая;443;18.дек.;574;;;;;;
27.сент.;518;15.мая;496;19.дек.;549;;;;;;
28.сент.;840;16.мая;290;20.дек.;760;;;;;;
29.сент.;907;17.мая;782;21.дек.;1042;;;;;;
30.сент.;576;18.мая;876;22.дек.;790;;;;;;
01.окт.;445;19.мая;886;23.дек.;491;;;;;;
02.окт.;581;20.мая;543;24.дек.;529;;;;;;
03.окт.;302;21.мая;561;25.дек.;715;;;;;;
04.окт.;655;22.мая;691;26.дек.;1028;;;;;;
05.окт.;625;23.мая;643;27.дек.;1159;;;;;;
06.окт.;576;24.мая;549;28.дек.;1155;;;;;;
07.окт.;522;25.мая;1123;29.дек.;1263;;;;;;
08.окт.;516;26.мая;793;30.дек.;946;;;;;;
09.окт.;716;27.мая;486;31.дек.;665;;;;;;
10.окт.;516;28.мая;433;02.янв.;488;;;;;;
11.окт.;570;29.мая;325;03.янв.;309;;;;;;
12.окт.;693;30.мая;477;04.янв.;302;;;;;;
13.окт.;882;31.мая;507;05.янв.;361;;;;;;
14.окт.;587;01.июня;715;06.янв.;246;;;;;;
15.окт.;654;02.июня;642;07.янв.;342;;;;;;
16.окт.;646;03.июня;427;08.янв.;426;;;;;;
17.окт.;704;04.июня;749;09.янв.;583;;;;;;
18.окт.;607;05.июня;600;10.янв.;410;;;;;;
19.окт.;815;06.июня;536;11.янв.;368;;;;;;
20.окт.;983;07.июня;1042;12.янв.;418;;;;;;
21.окт.;331;08.июня;1066;13.янв.;302;;;;;;
22.окт.;594;09.июня;820;14.янв.;293;;;;;;
23.окт.;545;10.июня;438;15.янв.;454;;;;;;
24.окт.;491;11.июня;563;16.янв.;466;;;;;;
25.окт.;609;12.июня;1093;17.янв.;441;;;;;;
26.окт.;1034;13.июня;537;18.янв.;381;;;;;;
27.окт.;959;14.июня;549;19.янв.;351;;;;;;
28.окт.;609;15.июня;1275;20.янв.;353;;;;;;
29.окт.;547;16.июня;585;21.янв.;372;;;;;;
30.окт.;644;17.июня;484;22.янв.;287;;;;;;
31.окт.;643;18.июня;855;23.янв.;498;;;;;;
01.нояб.;556;19.июня;499;24.янв.;321;;;;;;
02.нояб.;884;20.июня;829;25.янв.;313;;;;;;
03.нояб.;776;21.июня;870;26.янв.;479;;;;;;
04.нояб.;701;22.июня;892;27.янв.;435;;;;;;
05.нояб.;638;23.июня;802;28.янв.;403;;;;;;
06.нояб.;536;24.июня;645;29.янв.;352;;;;;;
07.нояб.;625;25.июня;752;30.янв.;503;;;;;;
08.нояб.;760;26.июня;979;31.янв.;319;;;;;;
09.нояб.;878;27.июня;716;01.февр.;719;;;;;;
10.нояб.;718;28.июня;934;02.февр.;423;;;;;;
11.нояб.;544;29.июня;997;03.февр.;332;;;;;;
12.нояб.;625;30.июня;1090;04.февр.;312;;;;;;
13.нояб.;521;01.июля;740;05.февр.;277;;;;;;
14.нояб.;460;02.июля;681;06.февр.;252;;;;;;
15.нояб.;728;03.июля;433;07.февр.;326;;;;;;
16.нояб.;997;04.июля;616;08.февр.;468;;;;;;
17.нояб.;1079;05.июля;558;09.февр.;381;;;;;;
18.нояб.;594;06.июля;690;10.февр.;246;;;;;;
19.нояб.;634;07.июля;1089;11.февр.;316;;;;;;
20.нояб.;472;08.июля;811;12.февр.;336;;;;;;
21.нояб.;421;09.июля;829;13.февр.;575;;;;;;
22.нояб.;670;10.июля;547;14.февр.;425;;;;;;
23.нояб.;775;11.июля;871;15.февр.;484;;;;;;
24.нояб.;908;12.июля;857;16.февр.;409;;;;;;
25.нояб.;652;13.июля;1001;17.февр.;377;;;;;;
26.нояб.;380;14.июля;1134;18.февр.;492;;;;;;
27.нояб.;512;15.июля;952;19.февр.;273;;;;;;
28.нояб.;483;16.июля;1122;20.февр.;433;;;;;;
29.нояб.;422;17.июля;647;21.февр.;630;;;;;;
30.нояб.;651;18.июля;782;22.февр.;494;;;;;;
01.дек.;653;19.июля;840;23.февр.;453;;;;;;
02.дек.;648;20.июля;1140;24.февр.;364;;;;;;
03.дек.;532;21.июля;1094;25.февр.;438;;;;;;
04.дек.;708;22.июля;609;26.февр.;422;;;;;;
05.дек.;368;23.июля;791;27.февр.;291;;;;;;
06.дек.;595;24.июля;597;28.февр.;292;;;;;;
07.дек.;734;25.июля;613;01.марта;478;;;;;;
08.дек.;935;26.июля;563;02.марта;436;;;;;;
09.дек.;703;27.июля;1364;03.марта;353;;;;;;
10.дек.;506;28.июля;1152;04.марта;459;;;;;;
11.дек.;658;29.июля;1036;05.марта;557;;;;;;
12.дек.;635;30.июля;698;06.марта;554;;;;;;
13.дек.;817;31.июля;714;07.марта;889;;;;;;
14.дек.;1201;01.авг.;624;08.марта;430;;;;;;
15.дек.;1069;02.авг.;419;09.марта;274;;;;;;
16.дек.;746;03.авг.;917;10.марта;389;;;;;;
17.дек.;685;04.авг.;896;11.марта;533;;;;;;
18.дек.;710;05.авг.;397;12.марта;320;;;;;;
19.дек.;508;06.авг.;684;13.марта;358;;;;;;
20.дек.;914;07.авг.;618;14.марта;438;;;;;;
21.дек.;1393;08.авг.;430;15.марта;363;;;;;;
22.дек.;1259;09.авг.;644;16.марта;359;;;;;;
23.дек.;985;10.авг.;591;17.марта;315;;;;;;
24.дек.;992;11.авг.;840;18.марта;345;;;;;;
25.дек.;977;12.авг.;730;19.марта;258;;;;;;
26.дек.;1126;13.авг.;1008;20.марта;327;;;;;;
27.дек.;1670;14.авг.;676;21.марта;328;;;;;;
28.дек.;2111;15.авг.;525;22.марта;331;;;;;;
29.дек.;2020;16.авг.;731;23.марта;321;;;;;;
30.дек.;1906;17.авг.;819;24.марта;283;;;;;;
31.дек.;1587;18.авг.;575;25.марта;327;;;;;;
02.янв.;520;19.авг.;440;26.марта;383;;;;;;
03.янв.;621;20.авг.;555;27.марта;232;;;;;;
04.янв.;747;21.авг.;585;28.марта;354;;;;;;
05.янв.;517;22.авг.;660;29.марта;386;;;;;;
06.янв.;504;23.авг.;529;30.марта;505;;;;;;
07.янв.;508;24.авг.;1235;31.марта;409;;;;;;
08.янв.;605;25.авг.;1133;01.апр.;331;;;;;;
09.янв.;388;26.авг.;642;02.апр.;284;;;;;;
10.янв.;407;27.авг.;725;03.апр.;352;;;;;;
11.янв.;614;28.авг.;792;04.апр.;346;;;;;;
12.янв.;563;29.авг.;735;05.апр.;518;;;;;;
13.янв.;492;30.авг.;590;06.апр.;365;;;;;;
14.янв.;385;31.авг.;846;07.апр.;255;;;;;;
15.янв.;379;01.сент.;603;08.апр.;424;;;;;;
16.янв.;428;02.сент.;514;09.апр.;418;;;;;;
17.янв.;368;03.сент.;340;10.апр.;409;;;;;;
18.янв.;598;04.сент.;520;11.апр.;318;;;;;;
19.янв.;572;05.сент.;466;12.апр.;384;;;;;;
20.янв.;370;06.сент.;395;13.апр.;357;;;;;;
21.янв.;504;07.сент.;1074;14.апр.;424;;;;;;
22.янв.;512;08.сент.;1007;15.апр.;462;;;;;;
23.янв.;384;09.сент.;607;16.апр.;505;;;;;;
24.янв.;445;10.сент.;535;17.апр.;239;;;;;;
25.янв.;759;11.сент.;828;18.апр.;253;;;;;;
26.янв.;534;12.сент.;396;19.апр.;401;;;;;;
27.янв.;444;13.сент.;470;20.апр.;309;;;;;;
28.янв.;497;14.сент.;1012;21.апр.;307;;;;;;
29.янв.;420;15.сент.;857;22.апр.;307;;;;;;
30.янв.;468;16.сент.;486;23.апр.;562;;;;;;
31.янв.;528;17.сент.;225;24.апр.;343;;;;;;
01.февр.;700;18.сент.;405;25.апр.;413;;;;;;
02.февр.;849;19.сент.;592;26.апр.;369;;;;;;
03.февр.;573;20.сент.;508;27.апр.;240;;;;;;
04.февр.;452;21.сент.;1166;28.апр.;254;;;;;;
05.февр.;529;22.сент.;777;29.апр.;616;;;;;;
06.февр.;558;23.сент.;464;30.апр.;585;;;;;;
07.февр.;481;24.сент.;482;01.мая;287;;;;;;
08.февр.;925;25.сент.;431;02.мая;232;;;;;;
09.февр.;609;26.сент.;527;03.мая;211;;;;;;
10.февр.;517;27.сент.;356;04.мая;382;;;;;;
11.февр.;521;28.сент.;818;05.мая;196;;;;;;
12.февр.;529;29.сент.;813;06.мая;334;;;;;;
13.февр.;457;30.сент.;417;07.мая;359;;;;;;
14.февр.;645;01.окт.;411;08.мая;672;;;;;;
15.февр.;788;02.окт.;534;09.мая;126;;;;;;
16.февр.;470;03.окт.;434;10.мая;213;;;;;;
17.февр.;258;04.окт.;462;11.мая;184;;;;;;
18.февр.;454;05.окт.;1062;12.мая;245;;;;;;
19.февр.;332;06.окт.;814;13.мая;310;;;;;;
20.февр.;533;07.окт.;443;14.мая;550;;;;;;
21.февр.;580;08.окт.;461;15.мая;268;;;;;;
22.февр.;930;09.окт.;321;16.мая;371;;;;;;
23.февр.;785;10.окт.;466;17.мая;340;;;;;;
24.февр.;295;11.окт.;501;18.мая;373;;;;;;
25.февр.;552;12.окт.;548;19.мая;240;;;;;;
26.февр.;562;13.окт.;778;20.мая;431;;;;;;
27.февр.;350;14.окт.;1097;21.мая;385;;;;;;
28.февр.;406;15.окт.;479;22.мая;315;;;;;;
01.марта;654;16.окт.;410;23.мая;540;;;;;;
02.марта;714;17.окт.;332;24.мая;434;;;;;;
03.марта;442;18.окт.;435;25.мая;316;;;;;;
04.марта;504;19.окт.;694;26.мая;198;;;;;;
05.марта;310;20.окт.;871;27.мая;562;;;;;;
06.марта;424;21.окт.;314;28.мая;484;;;;;;
07.марта;1052;22.окт.;412;29.мая;259;;;;;;
08.марта;891;23.окт.;549;30.мая;319;;;;;;
09.марта;510;24.окт.;325;31.мая;375;;;;;;
10.марта;486;25.окт.;643;01.июня;120;;;;;;
11.марта;378;26.окт.;994;02.июня;194;;;;;;
12.марта;384;27.окт.;776;03.июня;464;;;;;;
13.марта;381;28.окт.;525;04.июня;490;;;;;;
14.марта;356;29.окт.;590;05.июня;491;;;;;;
15.марта;806;30.окт.;401;06.июня;623;;;;;;
16.марта;517;31.окт.;299;07.июня;597;;;;;;
17.марта;515;01.нояб.;392;08.июня;357;;;;;;
18.марта;344;02.нояб.;880;09.июня;366;;;;;;
19.марта;386;03.нояб.;856;10.июня;431;;;;;;
20.марта;476;04.нояб.;575;11.июня;593;;;;;;
21.марта;528;05.нояб.;562;12.июня;393;;;;;;
22.марта;616;06.нояб.;536;13.июня;516;;;;;;
23.марта;638;07.нояб.;481;14.июня;415;;;;;;
24.марта;454;08.нояб.;646;15.июня;339;;;;;;
25.марта;467;09.нояб.;908;16.июня;324;;;;;;
26.марта;454;10.нояб.;771;17.июня;429;;;;;;
27.марта;434;11.нояб.;428;18.июня;387;;;;;;
28.марта;366;12.нояб.;519;19.июня;333;;;;;;
29.марта;737;13.нояб.;496;20.июня;473;;;;;;
30.марта;456;14.нояб.;522;21.июня;339;;;;;;
31.марта;470;15.нояб.;400;22.июня;518;;;;;;
01.апр.;489;16.нояб.;1102;23.июня;238;;;;;;
02.апр.;334;17.нояб.;988;24.июня;299;;;;;;
03.апр.;350;18.нояб.;429;25.июня;406;;;;;;
04.апр.;590;19.нояб.;465;26.июня;1322;;;;;;
05.апр.;654;20.нояб.;350;27.июня;422;;;;;;
06.апр.;824;21.нояб.;445;28.июня;328;;;;;;
07.апр.;494;22.нояб.;590;29.июня;268;;;;;;
08.апр.;619;23.нояб.;717;30.июня;483;;;;;;
09.апр.;624;24.нояб.;671;01.июля;278;;;;;;
10.апр.;489;25.нояб.;525;02.июля;557;;;;;;
11.апр.;858;26.нояб.;359;03.июля;427;;;;;;
12.апр.;680;27.нояб.;438;04.июля;627;;;;;;
13.апр.;627;28.нояб.;357;05.июля;393;;;;;;
14.апр.;415;29.нояб.;625;06.июля;356;;;;;;
15.апр.;550;30.нояб.;792;07.июля;147;;;;;;
16.апр.;657;01.дек.;895;08.июля;462;;;;;;
17.апр.;327;02.дек.;530;09.июля;269;;;;;;
18.апр.;448;03.дек.;672;10.июля;361;;;;;;
19.апр.;415;04.дек.;395;11.июля;342;;;;;;
20.апр.;347;05.дек.;791;12.июля;587;;;;;;
21.апр.;599;06.дек.;680;13.июля;279;;;;;;
22.апр.;348;07.дек.;1384;14.июля;290;;;;;;
23.апр.;409;08.дек.;1149;15.июля;544;;;;;;
24.апр.;445;09.дек.;539;16.июля;370;;;;;;
25.апр.;561;10.дек.;418;17.июля;484;;;;;;
26.апр.;679;11.дек.;613;18.июля;427;;;;;;
27.апр.;708;12.дек.;721;19.июля;463;;;;;;
28.апр.;492;13.дек.;893;20.июля;299;;;;;;
29.апр.;396;14.дек.;1789;21.июля;361;;;;;;
30.апр.;620;15.дек.;1707;22.июля;452;;;;;;
01.мая;298;16.дек.;712;23.июля;515;;;;;;
02.мая;286;17.дек.;850;24.июля;372;;;;;;
03.мая;582;18.дек.;688;25.июля;449;;;;;;
04.мая;420;19.дек.;986;26.июля;602;;;;;;
05.мая;428;20.дек.;858;27.июля;394;;;;;;
06.мая;361;21.дек.;2259;28.июля;321;;;;;;
07.мая;499;22.дек.;2150;29.июля;487;;;;;;
08.мая;658;23.дек.;957;30.июля;570;;;;;;
09.мая;349;24.дек.;882;31.июля;519;;;;;;
10.мая;322;25.дек.;1357;01.авг.;375;;;;;;
11.мая;441;26.дек.;1565;02.авг.;537;;;;;;
12.мая;393;27.дек.;1808;03.авг.;303;;;;;;
13.мая;352;28.дек.;3649;04.авг.;224;;;;;;
14.мая;506;29.дек.;2810;05.авг.;487;;;;;;
15.мая;383;30.дек.;2350;06.авг.;419;;;;;;
16.мая;387;31.дек.;1996;07.авг.;365;;;;;;
17.мая;495;02.янв.;1174;08.авг.;347;;;;;;
18.мая;517;03.янв.;885;09.авг.;412;;;;;;
19.мая;486;04.янв.;974;10.авг.;253;;;;;;
20.мая;467;05.янв.;619;11.авг.;213;;;;;;
21.мая;328;06.янв.;869;12.авг.;384;;;;;;
22.мая;418;07.янв.;721;13.авг.;434;;;;;;
23.мая;355;08.янв.;655;14.авг.;377;;;;;;
24.мая;331;09.янв.;437;15.авг.;358;;;;;;
25.мая;314;10.янв.;458;16.авг.;330;;;;;;
26.мая;385;11.янв.;716;17.авг.;345;;;;;;
27.мая;582;12.янв.;542;18.авг.;309;;;;;;
28.мая;710;13.янв.;498;19.авг.;460;;;;;;
29.мая;484;14.янв.;350;20.авг.;474;;;;;;
30.мая;324;15.янв.;304;21.авг.;381;;;;;;
31.мая;608;16.янв.;417;22.авг.;353;;;;;;
01.июня;623;17.янв.;496;23.авг.;385;;;;;;
02.июня;284;18.янв.;781;24.авг.;195;;;;;;
03.июня;487;19.янв.;774;25.авг.;181;;;;;;
04.июня;380;20.янв.;403;26.авг.;510;;;;;;
05.июня;327;21.янв.;420;27.авг.;403;;;;;;
06.июня;391;22.янв.;592;28.авг.;402;;;;;;
07.июня;542;23.янв.;412;29.авг.;366;;;;;;
08.июня;456;24.янв.;445;30.авг.;401;;;;;;
09.июня;469;25.янв.;1193;31.авг.;427;;;;;;
10.июня;372;26.янв.;719;01.сент.;357;;;;;;
11.июня;487;27.янв.;518;02.сент.;585;;;;;;
12.июня;478;28.янв.;349;03.сент.;254;;;;;;
13.июня;591;29.янв.;558;04.сент.;475;;;;;;
14.июня;579;30.янв.;590;05.сент.;381;;;;;;
15.июня;480;31.янв.;503;06.сент.;400;;;;;;
16.июня;386;01.февр.;906;07.сент.;468;;;;;;
17.июня;477;02.февр.;649;08.сент.;332;;;;;;
18.июня;608;03.февр.;364;09.сент.;267;;;;;;
19.июня;444;04.февр.;440;10.сент.;523;;;;;;
20.июня;546;05.февр.;366;11.сент.;416;;;;;;
21.июня;704;06.февр.;404;12.сент.;438;;;;;;
22.июня;652;07.февр.;442;13.сент.;474;;;;;;
23.июня;521;08.февр.;809;14.сент.;191;;;;;;
24.июня;619;09.февр.;763;15.сент.;343;;;;;;
25.июня;750;10.февр.;530;16.сент.;407;;;;;;
26.июня;585;11.февр.;303;17.сент.;416;;;;;;
27.июня;701;12.февр.;383;18.сент.;339;;;;;;
28.июня;796;13.февр.;269;19.сент.;429;;;;;;
29.июня;649;14.февр.;930;20.сент.;416;;;;;;
30.июня;337;15.февр.;1167;21.сент.;365;;;;;;
01.июля;453;16.февр.;825;22.сент.;416;;;;;;
02.июля;463;17.февр.;518;23.сент.;454;;;;;;
03.июля;478;18.февр.;437;24.сент.;599;;;;;;
04.июля;562;19.февр.;393;25.сент.;318;;;;;;
05.июля;439;20.февр.;519;26.сент.;511;;;;;;
06.июля;464;21.февр.;537;27.сент.;358;;;;;;
07.июля;400;22.февр.;1716;28.сент.;361;;;;;;
08.июля;611;23.февр.;1312;29.сент.;385;;;;;;
09.июля;394;24.февр.;463;30.сент.;298;;;;;;
10.июля;421;25.февр.;588;01.окт.;391;;;;;;
11.июля;612;26.февр.;518;02.окт.;420;;;;;;
12.июля;743;27.февр.;474;03.окт.;307;;;;;;
13.июля;692;28.февр.;706;04.окт.;409;;;;;;
14.июля;378;01.марта;1133;05.окт.;246;;;;;;
15.июля;347;02.марта;679;06.окт.;317;;;;;;
16.июля;314;03.марта;422;07.окт.;442;;;;;;
17.июля;324;04.марта;534;08.окт.;246;;;;;;
18.июля;537;05.марта;665;09.окт.;401;;;;;;
19.июля;544;06.марта;474;10.окт.;301;;;;;;
20.июля;604;07.марта;1202;11.окт.;401;;;;;;
21.июля;539;08.марта;1810;12.окт.;457;;;;;;
22.июля;404;09.марта;1226;13.окт.;293;;;;;;
23.июля;358;10.марта;1000;14.окт.;386;;;;;;
24.июля;450;11.марта;453;15.окт.;293;;;;;;
25.июля;428;12.марта;643;16.окт.;345;;;;;;
26.июля;383;13.марта;434;17.окт.;379;;;;;;
27.июля;538;14.марта;558;18.окт.;506;;;;;;
28.июля;432;15.марта;1084;19.окт.;380;;;;;;
29.июля;471;16.марта;1363;20.окт.;411;;;;;;
30.июля;370;17.марта;526;21.окт.;408;;;;;;
31.июля;449;18.марта;540;22.окт.;443;;;;;;
01.авг.;480;19.марта;448;23.окт.;266;;;;;;
02.авг.;555;20.марта;377;24.окт.;243;;;;;;
03.авг.;423;21.марта;365;25.окт.;387;;;;;;
04.авг.;472;22.марта;1003;26.окт.;361;;;;;;
05.авг.;360;23.марта;966;27.окт.;307;;;;;;
06.авг.;496;24.марта;498;28.окт.;309;;;;;;
07.авг.;448;25.марта;435;29.окт.;444;;;;;;
08.авг.;356;26.марта;581;30.окт.;671;;;;;;
09.авг.;421;27.марта;429;31.окт.;317;;;;;;
10.авг.;710;28.марта;490;01.нояб.;432;;;;;;
11.авг.;659;29.марта;618;02.нояб.;340;;;;;;
12.авг.;349;30.марта;872;03.нояб.;515;;;;;;
13.авг.;523;31.марта;612;04.нояб.;282;;;;;;
14.авг.;390;01.апр.;352;05.нояб.;356;;;;;;
15.авг.;367;02.апр.;377;06.нояб.;366;;;;;;
16.авг.;680;03.апр.;547;07.нояб.;436;;;;;;
17.авг.;583;04.апр.;384;08.нояб.;489;;;;;;
18.авг.;478;05.апр.;988;09.нояб.;399;;;;;;
19.авг.;363;06.апр.;635;10.нояб.;359;;;;;;
20.авг.;449;07.апр.;690;11.нояб.;479;;;;;;
21.авг.;368;08.апр.;407;12.нояб.;377;;;;;;
22.авг.;463;09.апр.;584;13.нояб.;469;;;;;;
23.авг.;513;10.апр.;559;14.нояб.;447;;;;;;
24.авг.;531;11.апр.;584;15.нояб.;536;;;;;;
25.авг.;377;12.апр.;763;16.нояб.;396;;;;;;
26.авг.;503;13.апр.;784;17.нояб.;503;;;;;;
27.авг.;466;14.апр.;386;18.нояб.;492;;;;;;
28.авг.;324;15.апр.;521;19.нояб.;316;;;;;;
29.авг.;403;16.апр.;474;20.нояб.;631;;;;;;
30.авг.;555;17.апр.;232;21.нояб.;361;;;;;;
31.авг.;599;18.апр.;517;22.нояб.;505;;;;;;
01.сент.;568;19.апр.;831;23.нояб.;254;;;;;;
02.сент.;520;20.апр.;551;24.нояб.;371;;;;;;
03.сент.;446;21.апр.;432;25.нояб.;511;;;;;;
04.сент.;344;22.апр.;233;26.нояб.;401;;;;;;
05.сент.;437;23.апр.;419;27.нояб.;343;;;;;;
06.сент.;481;24.апр.;207;28.нояб.;291;;;;;;
07.сент.;678;25.апр.;424;29.нояб.;457;;;;;;
08.сент.;363;26.апр.;698;30.нояб.;333;;;;;;
09.сент.;555;27.апр.;648;01.дек.;248;;;;;;
10.сент.;448;28.апр.;270;02.дек.;364;;;;;;
11.сент.;360;29.апр.;416;03.дек.;546;;;;;;
12.сент.;501;30.апр.;464;04.дек.;439;;;;;;
13.сент.;589;01.мая;563;05.дек.;483;;;;;;
14.сент.;751;02.мая;567;06.дек.;530;;;;;;
15.сент.;408;03.мая;440;07.дек.;326;;;;;;
16.сент.;473;04.мая;488;08.дек.;331;;;;;;
17.сент.;552;05.мая;463;09.дек.;807;;;;;;
18.сент.;359;06.мая;360;10.дек.;554;;;;;;
19.сент.;413;07.мая;376;11.дек.;614;;;;;;
20.сент.;720;08.мая;424;12.дек.;663;;;;;;
21.сент.;450;09.мая;499;13.дек.;703;;;;;;
22.сент.;491;10.мая;441;14.дек.;380;;;;;;
23.сент.;335;11.мая;474;15.дек.;500;;;;;;
24.сент.;587;12.мая;299;16.дек.;822;;;;;;
25.сент.;372;13.мая;440;17.дек.;366;;;;;;
26.сент.;521;14.мая;627;18.дек.;509;;;;;;
27.сент.;495;15.мая;455;19.дек.;655;;;;;;
28.сент.;671;16.мая;378;20.дек.;544;;;;;;
29.сент.;446;17.мая;641;21.дек.;595;;;;;;
30.сент.;413;18.мая;613;22.дек.;515;;;;;;
01.окт.;493;19.мая;280;23.дек.;746;;;;;;
02.окт.;464;20.мая;512;24.дек.;482;;;;;;
03.окт.;430;21.мая;402;25.дек.;919;;;;;;
04.окт.;920;22.мая;319;26.дек.;1135;;;;;;
05.окт.;431;23.мая;389;27.дек.;1024;;;;;;
06.окт.;389;24.мая;817;28.дек.;1300;;;;;;
07.окт.;300;25.мая;611;29.дек.;835;;;;;;
08.окт.;374;26.мая;304;30.дек.;1689;;;;;;
09.окт.;352;27.мая;479;31.дек.;896;;;;;;
10.окт.;440;28.мая;688;02.янв.;185;;;;;;
11.окт.;802;29.мая;329;03.янв.;224;;;;;;
12.окт.;558;30.мая;356;04.янв.;345;;;;;;
13.окт.;507;31.мая;829;05.янв.;214;;;;;;
14.окт.;393;01.июня;479;06.янв.;237;;;;;;
15.окт.;470;02.июня;301;07.янв.;267;;;;;;
16.окт.;645;03.июня;460;08.янв.;323;;;;;;
17.окт.;484;04.июня;214;09.янв.;249;;;;;;
18.окт.;851;05.июня;269;10.янв.;330;;;;;;
19.окт.;606;06.июня;272;11.янв.;236;;;;;;
20.окт.;375;07.июня;554;12.янв.;418;;;;;;
21.окт.;530;08.июня;404;13.янв.;377;;;;;;
22.окт.;432;09.июня;351;14.янв.;243;;;;;;
23.окт.;448;10.июня;263;15.янв.;363;;;;;;
24.окт.;622;11.июня;439;16.янв.;327;;;;;;
25.окт.;665;12.июня;780;17.янв.;455;;;;;;
26.окт.;525;13.июня;470;18.янв.;376;;;;;;
27.окт.;315;14.июня;475;19.янв.;141;;;;;;
28.окт.;470;15.июня;403;20.янв.;367;;;;;;
29.окт.;303;16.июня;506;21.янв.;626;;;;;;
30.окт.;326;17.июня;299;22.янв.;299;;;;;;
31.окт.;507;18.июня;409;23.янв.;465;;;;;;
01.нояб.;518;19.июня;457;24.янв.;460;;;;;;
02.нояб.;651;20.июня;456;25.янв.;386;;;;;;
03.нояб.;652;21.июня;1026;26.янв.;273;;;;;;
04.нояб.;571;22.июня;745;27.янв.;232;;;;;;
05.нояб.;383;23.июня;496;28.янв.;445;;;;;;
06.нояб.;563;24.июня;516;29.янв.;384;;;;;;
07.нояб.;564;25.июня;307;30.янв.;239;;;;;;
08.нояб.;967;26.июня;609;31.янв.;417;;;;;;
09.нояб.;773;27.июня;468;01.февр.;214;;;;;;
10.нояб.;656;28.июня;1039;02.февр.;279;;;;;;
11.нояб.;704;29.июня;712;03.февр.;433;;;;;;
12.нояб.;489;30.июня;440;04.февр.;476;;;;;;
13.нояб.;391;01.июля;397;05.февр.;344;;;;;;
14.нояб.;495;02.июля;343;06.февр.;216;;;;;;
15.нояб.;1048;03.июля;386;07.февр.;481;;;;;;
16.нояб.;914;04.июля;600;08.февр.;540;;;;;;
17.нояб.;564;05.июля;604;09.февр.;270;;;;;;
18.нояб.;400;06.июля;571;10.февр.;392;;;;;;
19.нояб.;536;07.июля;536;11.февр.;286;;;;;;
20.нояб.;588;08.июля;478;12.февр.;360;;;;;;
21.нояб.;591;09.июля;387;13.февр.;400;;;;;;
22.нояб.;1008;10.июля;563;14.февр.;450;;;;;;
23.нояб.;748;11.июля;495;15.февр.;356;;;;;;
24.нояб.;421;12.июля;767;16.февр.;384;;;;;;
25.нояб.;463;13.июля;673;17.февр.;275;;;;;;
26.нояб.;430;14.июля;309;18.февр.;301;;;;;;
27.нояб.;775;15.июля;415;19.февр.;295;;;;;;
28.нояб.;721;16.июля;263;20.февр.;206;;;;;;
29.нояб.;926;17.июля;263;21.февр.;497;;;;;;
30.нояб.;684;18.июля;231;22.февр.;375;;;;;;
01.дек.;352;19.июля;480;23.февр.;448;;;;;;
02.дек.;686;20.июля;781;24.февр.;308;;;;;;
03.дек.;554;21.июля;247;25.февр.;350;;;;;;
04.дек.;707;22.июля;433;26.февр.;335;;;;;;
05.дек.;693;23.июля;322;27.февр.;395;;;;;;
06.дек.;1106;24.июля;498;28.февр.;292;;;;;;
07.дек.;972;25.июля;521;01.марта;317;;;;;;
08.дек.;619;26.июля;509;02.марта;287;;;;;;
09.дек.;701;27.июля;694;03.марта;404;;;;;;
10.дек.;861;28.июля;418;04.марта;303;;;;;;
11.дек.;635;29.июля;324;05.марта;581;;;;;;
12.дек.;676;30.июля;478;06.марта;534;;;;;;
13.дек.;1280;31.июля;478;07.марта;783;;;;;;
14.дек.;1483;01.авг.;397;08.марта;298;;;;;;
15.дек.;1009;02.авг.;542;09.марта;274;;;;;;
16.дек.;1495;03.авг.;607;10.марта;209;;;;;;
17.дек.;1989;04.авг.;437;11.марта;377;;;;;;
18.дек.;1443;05.авг.;346;12.марта;266;;;;;;
19.дек.;1757;06.авг.;438;13.марта;396;;;;;;
20.дек.;2035;07.авг.;427;14.марта;302;;;;;;
21.дек.;2134;08.авг.;305;15.марта;218;;;;;;
22.дек.;945;09.авг.;587;16.марта;351;;;;;;
23.дек.;671;10.авг.;563;17.марта;330;;;;;;
24.дек.;790;11.авг.;313;18.марта;287;;;;;;
25.дек.;890;12.авг.;529;19.марта;287;;;;;;
26.дек.;982;13.авг.;476;20.марта;376;;;;;;
27.дек.;1705;14.авг.;351;21.марта;309;;;;;;
28.дек.;1217;15.авг.;506;22.марта;456;;;;;;
29.дек.;1123;16.авг.;682;23.марта;250;;;;;;
30.дек.;1423;17.авг.;597;24.марта;258;;;;;;
31.дек.;2328;18.авг.;422;25.марта;225;;;;;;
02.янв.;652;19.авг.;262;26.марта;210;;;;;;
03.янв.;942;20.авг.;451;27.марта;309;;;;;;
04.янв.;755;21.авг.;334;28.марта;318;;;;;;
05.янв.;493;22.авг.;408;29.марта;208;;;;;;
06.янв.;617;23.авг.;674;30.марта;210;;;;;;
07.янв.;439;24.авг.;685;31.марта;395;;;;;;
08.янв.;552;25.авг.;395;01.апр.;333;;;;;;
09.янв.;496;26.авг.;309;02.апр.;333;;;;;;
10.янв.;546;27.авг.;580;03.апр.;221;;;;;;
11.янв.;509;28.авг.;600;04.апр.;338;;;;;;
12.янв.;433;29.авг.;614;05.апр.;415;;;;;;
13.янв.;372;30.авг.;713;06.апр.;188;;;;;;
14.янв.;391;31.авг.;908;07.апр.;503;;;;;;
15.янв.;455;01.сент.;681;08.апр.;424;;;;;;
16.янв.;459;02.сент.;548;09.апр.;408;;;;;;
17.янв.;812;03.сент.;698;10.апр.;344;;;;;;
18.янв.;448;04.сент.;372;11.апр.;207;;;;;;
19.янв.;482;05.сент.;535;12.апр.;303;;;;;;
20.янв.;467;06.сент.;700;13.апр.;243;;;;;;
21.янв.;559;07.сент.;761;14.апр.;290;;;;;;
22.янв.;363;08.сент.;361;15.апр.;344;;;;;;
23.янв.;402;09.сент.;380;16.апр.;226;;;;;;
24.янв.;685;10.сент.;484;17.апр.;309;;;;;;
25.янв.;627;11.сент.;488;18.апр.;305;;;;;;
26.янв.;472;12.сент.;549;19.апр.;336;;;;;;
27.янв.;318;13.сент.;743;20.апр.;186;;;;;;
28.янв.;320;14.сент.;815;21.апр.;329;;;;;;
29.янв.;430;15.сент.;471;22.апр.;254;;;;;;
30.янв.;507;16.сент.;415;23.апр.;194;;;;;;
31.янв.;648;17.сент.;421;24.апр.;274;;;;;;
01.февр.;581;18.сент.;484;25.апр.;329;;;;;;
02.февр.;506;19.сент.;380;26.апр.;461;;;;;;
03.февр.;443;20.сент.;688;27.апр.;210;;;;;;
04.февр.;607;21.сент.;873;28.апр.;353;;;;;;
05.февр.;675;22.сент.;572;29.апр.;343;;;;;;
06.февр.;438;23.сент.;213;30.апр.;314;;;;;;
07.февр.;692;24.сент.;419;01.мая;264;;;;;;
08.февр.;432;25.сент.;427;02.мая;137;;;;;;
09.февр.;234;26.сент.;734;03.мая;82;;;;;;
10.февр.;438;27.сент.;1395;04.мая;314;;;;;;
11.февр.;438;28.сент.;990;05.мая;435;;;;;;
12.февр.;350;29.сент.;437;06.мая;439;;;;;;
13.февр.;482;30.сент.;462;07.мая;181;;;;;;
14.февр.;824;01.окт.;360;08.мая;442;;;;;;
15.февр.;561;02.окт.;632;09.мая;305;;;;;;
16.февр.;368;03.окт.;856;10.мая;215;;;;;;
17.февр.;385;04.окт.;1120;11.мая;139;;;;;;
18.февр.;636;05.окт.;1060;12.мая;324;;;;;;
19.февр.;512;06.окт.;563;13.мая;322;;;;;;
20.февр.;556;07.окт.;440;14.мая;285;;;;;;
21.февр.;740;08.окт.;634;15.мая;314;;;;;;
22.февр.;788;09.окт.;384;16.мая;419;;;;;;
23.февр.;433;10.окт.;638;17.мая;351;;;;;;
24.февр.;444;11.окт.;1015;18.мая;286;;;;;;
25.февр.;521;12.окт.;1112;19.мая;242;;;;;;
26.февр.;348;13.окт.;589;20.мая;411;;;;;;
27.февр.;484;14.окт.;470;21.мая;287;;;;;;
28.февр.;596;15.окт.;529;22.мая;345;;;;;;
01.марта;420;16.окт.;778;23.мая;345;;;;;;
02.марта;459;17.окт.;819;24.мая;312;;;;;;
03.марта;484;18.окт.;1074;25.мая;323;;;;;;
04.марта;337;19.окт.;924;26.мая;561;;;;;;
05.марта;557;20.окт.;336;27.мая;253;;;;;;
06.марта;747;21.окт.;608;28.мая;507;;;;;;
07.марта;1023;22.окт.;441;29.мая;346;;;;;;
08.марта;510;23.окт.;554;30.мая;314;;;;;;
09.марта;642;24.окт.;439;31.мая;331;;;;;;
10.марта;414;25.окт.;1555;01.июня;349;;;;;;
11.марта;504;26.окт.;1097;02.июня;321;;;;;;
12.марта;280;27.окт.;383;03.июня;169;;;;;;
13.марта;334;28.окт.;494;04.июня;398;;;;;;
14.марта;568;29.окт.;496;05.июня;400;;;;;;
15.марта;613;30.окт.;639;06.июня;245;;;;;;
16.марта;372;31.окт.;708;07.июня;277;;;;;;
17.марта;431;01.нояб.;1463;08.июня;165;;;;;;
18.марта;302;02.нояб.;1172;09.июня;215;;;;;;
19.марта;476;03.нояб.;880;10.июня;344;;;;;;
20.марта;543;04.нояб.;1027;11.июня;357;;;;;;
21.марта;595;05.нояб.;709;12.июня;195;;;;;;
22.марта;501;06.нояб.;1101;13.июня;170;;;;;;
23.марта;533;07.нояб.;794;14.июня;153;;;;;;
24.марта;361;08.нояб.;2084;15.июня;259;;;;;;
25.марта;421;09.нояб.;1457;16.июня;322;;;;;;
26.марта;391;10.нояб.;544;17.июня;314;;;;;;
27.марта;96;11.нояб.;811;18.июня;445;;;;;;
;;12.нояб.;639;19.июня;242;;;;;;
;;13.нояб.;1028;20.июня;462;;;;;;
;;14.нояб.;1307;21.июня;211;;;;;;
;;15.нояб.;2096;22.июня;322;;;;;;
;;16.нояб.;1934;23.июня;268;;;;;;
;;17.нояб.;905;24.июня;374;;;;;;
;;18.нояб.;596;25.июня;342;;;;;;
;;19.нояб.;912;26.июня;361;;;;;;
;;20.нояб.;630;27.июня;283;;;;;;
;;21.нояб.;794;28.июня;323;;;;;;
;;22.нояб.;1408;29.июня;338;;;;;;
;;23.нояб.;1680;30.июня;390;;;;;;
;;24.нояб.;649;01.июля;299;;;;;;
;;25.нояб.;874;02.июля;236;;;;;;
;;26.нояб.;893;03.июля;259;;;;;;
;;27.нояб.;745;04.июля;401;;;;;;
;;28.нояб.;1237;05.июля;249;;;;;;
;;29.нояб.;1924;06.июля;223;;;;;;
;;30.нояб.;2217;07.июля;344;;;;;;
;;01.дек.;853;08.июля;178;;;;;;
;;02.дек.;652;09.июля;256;;;;;;
;;03.дек.;1026;10.июля;289;;;;;;
;;04.дек.;1056;11.июля;254;;;;;;
;;05.дек.;989;12.июля;175;;;;;;
;;06.дек.;2130;13.июля;337;;;;;;
;;07.дек.;2543;14.июля;336;;;;;;
;;08.дек.;1118;15.июля;355;;;;;;
;;09.дек.;922;16.июля;226;;;;;;
;;10.дек.;795;17.июля;282;;;;;;
;;11.дек.;723;18.июля;241;;;;;;
;;12.дек.;970;19.июля;219;;;;;;
;;13.дек.;2280;20.июля;182;;;;;;
;;14.дек.;2497;21.июля;228;;;;;;
;;15.дек.;1180;22.июля;233;;;;;;
;;16.дек.;3048;23.июля;276;;;;;;
;;17.дек.;4216;24.июля;372;;;;;;
;;18.дек.;3015;25.июля;296;;;;;;
;;19.дек.;2746;26.июля;183;;;;;;
;;20.дек.;3959;27.июля;328;;;;;;
;;21.дек.;2831;28.июля;250;;;;;;
;;22.дек.;1430;29.июля;150;;;;;;
;;23.дек.;1260;30.июля;286;;;;;;
;;24.дек.;1374;31.июля;286;;;;;;
;;25.дек.;1432;01.авг.;436;;;;;;
;;26.дек.;2117;02.авг.;184;;;;;;
;;27.дек.;3301;03.авг.;92;;;;;;
;;28.дек.;3458;04.авг.;255;;;;;;
;;29.дек.;2472;05.авг.;431;;;;;;
;;30.дек.;3108;06.авг.;321;;;;;;
;;31.дек.;2870;07.авг.;379;;;;;;
;;02.янв.;1517;08.авг.;333;;;;;;
;;03.янв.;1312;09.авг.;236;;;;;;
;;04.янв.;1064;10.авг.;144;;;;;;
;;05.янв.;996;11.авг.;284;;;;;;
;;06.янв.;1106;12.авг.;283;;;;;;
;;07.янв.;1126;13.авг.;167;;;;;;
;;08.янв.;1158;14.авг.;264;;;;;;
;;09.янв.;605;15.авг.;259;;;;;;
;;10.янв.;678;16.авг.;323;;;;;;
;;11.янв.;835;17.авг.;266;;;;;;
;;12.янв.;367;18.авг.;256;;;;;;
;;13.янв.;487;19.авг.;292;;;;;;
;;14.янв.;780;20.авг.;376;;;;;;
;;15.янв.;716;21.авг.;259;;;;;;
;;16.янв.;497;22.авг.;351;;;;;;
;;17.янв.;1156;23.авг.;212;;;;;;
;;18.янв.;1194;24.авг.;222;;;;;;
;;19.янв.;521;25.авг.;450;;;;;;
;;20.янв.;695;26.авг.;291;;;;;;
;;21.янв.;666;27.авг.;448;;;;;;
;;22.янв.;792;28.авг.;473;;;;;;
;;23.янв.;617;29.авг.;372;;;;;;
;;24.янв.;1178;30.авг.;278;;;;;;
;;25.янв.;1046;31.авг.;299;;;;;;
;;26.янв.;411;01.сент.;282;;;;;;
;;27.янв.;811;02.сент.;273;;;;;;
;;28.янв.;605;03.сент.;363;;;;;;
;;29.янв.;534;04.сент.;483;;;;;;
;;30.янв.;1204;05.сент.;445;;;;;;
;;31.янв.;1648;06.сент.;312;;;;;;
;;01.февр.;1047;07.сент.;331;;;;;;
;;02.февр.;565;08.сент.;409;;;;;;
;;03.февр.;585;09.сент.;316;;;;;;
;;04.февр.;945;10.сент.;195;;;;;;
;;05.февр.;1302;11.сент.;267;;;;;;
;;06.февр.;960;12.сент.;405;;;;;;
;;07.февр.;1257;13.сент.;325;;;;;;
;;08.февр.;1694;14.сент.;315;;;;;;
;;09.февр.;816;15.сент.;326;;;;;;
;;10.февр.;561;16.сент.;375;;;;;;
;;11.февр.;921;17.сент.;410;;;;;;
;;12.февр.;993;18.сент.;484;;;;;;
;;13.февр.;1120;19.сент.;316;;;;;;
;;14.февр.;2069;20.сент.;376;;;;;;
;;15.февр.;1276;21.сент.;302;;;;;;
;;16.февр.;607;22.сент.;326;;;;;;
;;17.февр.;340;23.сент.;665;;;;;;
;;18.февр.;812;24.сент.;703;;;;;;
;;19.февр.;798;25.сент.;407;;;;;;
;;20.февр.;700;26.сент.;539;;;;;;
;;21.февр.;1529;27.сент.;396;;;;;;
;;22.февр.;1727;28.сент.;253;;;;;;
;;23.февр.;1618;29.сент.;433;;;;;;
;;24.февр.;555;30.сент.;513;;;;;;
;;25.февр.;395;01.окт.;227;;;;;;
;;26.февр.;823;02.окт.;365;;;;;;
;;27.февр.;865;03.окт.;487;;;;;;
;;28.февр.;1495;04.окт.;550;;;;;;
;;01.марта;1229;05.окт.;375;;;;;;
;;02.марта;669;06.окт.;284;;;;;;
;;03.марта;727;07.окт.;361;;;;;;
;;04.марта;974;08.окт.;464;;;;;;
;;05.марта;703;09.окт.;497;;;;;;
;;06.марта;1390;10.окт.;523;;;;;;
;;07.марта;2047;11.окт.;292;;;;;;
;;08.марта;1453;12.окт.;449;;;;;;
;;09.марта;1350;13.окт.;385;;;;;;
;;10.марта;481;14.окт.;435;;;;;;
;;11.марта;643;15.окт.;376;;;;;;
;;12.марта;348;16.окт.;329;;;;;;
;;13.марта;735;17.окт.;379;;;;;;
;;14.марта;901;18.окт.;372;;;;;;
;;15.марта;937;19.окт.;521;;;;;;
;;16.марта;333;20.окт.;391;;;;;;
;;17.марта;564;21.окт.;408;;;;;;
;;18.марта;622;22.окт.;347;;;;;;
;;19.марта;282;23.окт.;264;;;;;;
;;20.марта;745;24.окт.;453;;;;;;
;;21.марта;1073;25.окт.;346;;;;;;
;;22.марта;937;26.окт.;338;;;;;;
;;23.марта;612;27.окт.;390;;;;;;
;;24.марта;507;28.окт.;375;;;;;;
;;25.марта;570;29.окт.;347;;;;;;
;;26.марта;719;30.окт.;334;;;;;;
;;27.марта;137;31.окт.;769;;;;;;
;;;;01.нояб.;451;;;;;;
;;;;02.нояб.;287;;;;;;
;;;;03.нояб.;413;;;;;;
;;;;04.нояб.;275;;;;;;
;;;;05.нояб.;353;;;;;;
;;;;06.нояб.;325;;;;;;
;;;;07.нояб.;612;;;;;;
;;;;08.нояб.;457;;;;;;
;;;;09.нояб.;357;;;;;;
;;;;10.нояб.;299;;;;;;
;;;;11.нояб.;513;;;;;;
;;;;12.нояб.;420;;;;;;
;;;;13.нояб.;571;;;;;;
;;;;14.нояб.;1009;;;;;;
;;;;15.нояб.;633;;;;;;
;;;;16.нояб.;462;;;;;;
;;;;17.нояб.;499;;;;;;
;;;;18.нояб.;413;;;;;;
;;;;19.нояб.;559;;;;;;
;;;;20.нояб.;548;;;;;;
;;;;21.нояб.;467;;;;;;
;;;;22.нояб.;521;;;;;;
;;;;23.нояб.;737;;;;;;
;;;;24.нояб.;588;;;;;;
;;;;25.нояб.;300;;;;;;
;;;;26.нояб.;645;;;;;;
;;;;27.нояб.;471;;;;;;
;;;;28.нояб.;812;;;;;;
;;;;29.нояб.;695;;;;;;
;;;;30.нояб.;642;;;;;;
;;;;01.дек.;488;;;;;;
;;;;02.дек.;836;;;;;;
;;;;03.дек.;508;;;;;;
;;;;04.дек.;540;;;;;;
;;;;05.дек.;694;;;;;;
;;;;06.дек.;933;;;;;;
;;;;07.дек.;677;;;;;;
;;;;08.дек.;496;;;;;;
;;;;09.дек.;827;;;;;;
;;;;10.дек.;773;;;;;;
;;;;11.дек.;698;;;;;;
;;;;12.дек.;1028;;;;;;
;;;;13.дек.;822;;;;;;
;;;;14.дек.;546;;;;;;
;;;;15.дек.;1437;;;;;;
;;;;16.дек.;2424;;;;;;
;;;;17.дек.;2909;;;;;;
;;;;18.дек.;2015;;;;;;
;;;;19.дек.;1514;;;;;;
;;;;20.дек.;1912;;;;;;
;;;;21.дек.;1160;;;;;;
;;;;22.дек.;1637;;;;;;
;;;;23.дек.;1566;;;;;;
;;;;24.дек.;1014;;;;;;
;;;;25.дек.;844;;;;;;
;;;;26.дек.;973;;;;;;
;;;;27.дек.;1075;;;;;;
;;;;28.дек.;970;;;;;;
;;;;29.дек.;1044;;;;;;
;;;;30.дек.;1441;;;;;;
;;;;31.дек.;1069;;;;;;
;;;;02.янв.;353;;;;;;
;;;;03.янв.;249;;;;;;
;;;;04.янв.;373;;;;;;
;;;;05.янв.;255;;;;;;
;;;;06.янв.;272;;;;;;
;;;;07.янв.;270;;;;;;
;;;;08.янв.;317;;;;;;
;;;;09.янв.;324;;;;;;
;;;;10.янв.;233;;;;;;
;;;;11.янв.;368;;;;;;
;;;;12.янв.;570;;;;;;
;;;;13.янв.;413;;;;;;
;;;;14.янв.;617;;;;;;
;;;;15.янв.;212;;;;;;
;;;;16.янв.;392;;;;;;
;;;;17.янв.;576;;;;;;
;;;;18.янв.;435;;;;;;
;;;;19.янв.;193;;;;;;
;;;;20.янв.;764;;;;;;
;;;;21.янв.;669;;;;;;
;;;;22.янв.;440;;;;;;
;;;;23.янв.;666;;;;;;
;;;;24.янв.;469;;;;;;
;;;;25.янв.;360;;;;;;
;;;;26.янв.;529;;;;;;
;;;;27.янв.;744;;;;;;
;;;;28.янв.;371;;;;;;
;;;;29.янв.;695;;;;;;
;;;;30.янв.;658;;;;;;
;;;;31.янв.;744;;;;;;
;;;;01.февр.;851;;;;;;
;;;;02.февр.;530;;;;;;
;;;;03.февр.;824;;;;;;
;;;;04.февр.;826;;;;;;
;;;;05.февр.;706;;;;;;
;;;;06.февр.;696;;;;;;
;;;;07.февр.;796;;;;;;
;;;;08.февр.;511;;;;;;
;;;;09.февр.;618;;;;;;
;;;;10.февр.;837;;;;;;
;;;;11.февр.;595;;;;;;
;;;;12.февр.;618;;;;;;
;;;;13.февр.;599;;;;;;
;;;;14.февр.;454;;;;;;
;;;;15.февр.;346;;;;;;
;;;;16.февр.;865;;;;;;
;;;;17.февр.;1103;;;;;;
;;;;18.февр.;503;;;;;;
;;;;19.февр.;615;;;;;;
;;;;20.февр.;372;;;;;;
;;;;21.февр.;494;;;;;;
;;;;22.февр.;299;;;;;;
;;;;23.февр.;580;;;;;;
;;;;24.февр.;621;;;;;;
;;;;25.февр.;328;;;;;;
;;;;26.февр.;751;;;;;;
;;;;27.февр.;881;;;;;;
;;;;28.февр.;703;;;;;;
;;;;01.марта;261;;;;;;
;;;;02.марта;391;;;;;;
;;;;03.марта;640;;;;;;
;;;;04.марта;796;;;;;;
;;;;05.марта;852;;;;;;
;;;;06.марта;792;;;;;;
;;;;07.марта;520;;;;;;
;;;;08.марта;333;;;;;;
;;;;09.марта;223;;;;;;
;;;;10.марта;665;;;;;;
;;;;11.марта;774;;;;;;
;;;;12.марта;865;;;;;;
;;;;13.марта;466;;;;;;
;;;;14.марта;399;;;;;;
;;;;15.марта;314;;;;;;
;;;;16.марта;716;;;;;;
;;;;17.марта;766;;;;;;
;;;;18.марта;307;;;;;;
;;;;19.марта;379;;;;;;
;;;;20.марта;362;;;;;;
;;;;21.марта;393;;;;;;
;;;;22.марта;125;;;;;;
;;;;23.марта;750;;;;;;
;;;;24.марта;1299;;;;;;
;;;;25.марта;684;;;;;;
;;;;26.марта;402;;;;;;
;;;;27.марта;52;;;;;;
